Date,ETF,y_true,y_pred
2024-01-02,SPY,-0.0082001820383463,0.00039205217
2024-01-03,SPY,-0.0032263560398599,0.00039205217
2024-01-04,SPY,0.0013687035171302,0.0005402403
2024-01-05,SPY,0.0141750130466468,0.00042983345
2024-01-08,SPY,-0.0015181996277069,0.00046455872
2024-01-09,SPY,0.0056395090191093,0.00042983345
2024-01-10,SPY,-0.0004407061741854,0.0004182499
2024-01-11,SPY,0.000692432517369,0.00039205217
2024-01-12,SPY,-0.00367792028495,0.00039205217
2024-01-16,SPY,-0.0055742374291979,0.00034215604
2024-01-17,SPY,0.0088535292042902,0.00061790564
2024-01-18,SPY,0.0123891323233955,0.00034215604
2024-01-19,SPY,0.0021119947538623,0.00042983345
2024-01-22,SPY,0.0029122983089822,0.00045603118
2024-01-23,SPY,0.0010925875480367,0.00042983345
2024-01-24,SPY,0.0054241399708615,0.00039205217
2024-01-25,SPY,-0.001271176915466,0.00046455872
2024-01-26,SPY,0.0078881515865556,0.00046455872
2024-01-29,SPY,-0.0007737878670213,0.0004907565
2024-01-30,SPY,-0.0164518120155404,0.00039205217
2024-01-31,SPY,0.013003182604216,0.00037993732
2024-02-01,SPY,0.0104724128529908,0.00047911616
2024-02-02,SPY,-0.0036479320887768,0.0004342597
2024-02-05,SPY,0.002899175978543,0.00028103185
2024-02-06,SPY,0.0083057307306088,0.00046455872
2024-02-07,SPY,0.0004416236551561,0.0003571257
2024-02-08,SPY,0.0057628326607587,0.00045603118
2024-02-09,SPY,-0.000439085413868,0.0004907565
2024-02-12,SPY,-0.0138687222211488,0.00068188465
2024-02-13,SPY,0.009046535363742,0.000330928
2024-02-14,SPY,0.0068760066903936,0.0004907565
2024-02-15,SPY,-0.0049923652664357,0.00039205217
2024-02-16,SPY,-0.005520611518135,0.00044439087
2024-02-20,SPY,0.0009053860982044,0.00020535025
2024-02-21,SPY,0.0204843077304742,0.00023154798
2024-02-22,SPY,0.0006893815579044,0.00030425572
2024-02-23,SPY,-0.003669216285443,0.000330928
2024-02-26,SPY,0.0018559224364752,0.00068188465
2024-02-27,SPY,-0.0013224641493239,0.00060620304
2024-02-28,SPY,0.0035885529160247,0.00028103185
2024-02-29,SPY,0.0093444919250025,0.0004677338
2024-03-01,SPY,-0.0010730270535569,0.00046455872
2024-03-04,SPY,-0.0100444487657221,0.0004342597
2024-03-05,SPY,0.0050544497230052,0.00028103185
2024-03-06,SPY,0.0098775403990797,0.0006556869
2024-03-07,SPY,-0.0060203645772414,0.00024313154
2024-03-08,SPY,-0.0008602378909613,0.0004066096
2024-03-11,SPY,0.0106999987235398,0.00028103185
2024-03-12,SPY,-0.001568787967695,0.00038477583
2024-03-13,SPY,-0.0019787505556508,0.00044439087
2024-03-14,SPY,-0.0068902434999618,0.00020535025
2024-03-15,SPY,0.0059255520568163,0.00064715935
2024-03-18,SPY,0.0055418607197257,0.00039647843
2024-03-19,SPY,0.0092066315163289,0.00044133485
2024-03-20,SPY,0.0032992743656375,0.0004907565
2024-03-21,SPY,-0.0018975877333026,0.00045603118
2024-03-22,SPY,-0.0027666904154396,0.000394907
2024-03-25,SPY,-0.0018486822769153,0.00040343456
2024-03-26,SPY,0.0083687927586563,0.00044133485
2024-03-27,SPY,-0.0001911832619087,0.0004907565
2024-03-28,SPY,-0.00174135474247,0.00036870927
2024-04-01,SPY,-0.0063782343543123,0.00039647843
2024-04-02,SPY,0.0010977023357223,0.00039647843
2024-04-03,SPY,-0.0122811321324179,0.0006556869
2024-04-04,SPY,0.0103926568771984,0.00044133485
2024-04-05,SPY,0.0005592669315075,0.0005945627
2024-04-08,SPY,0.0011561611881684,0.0005598374
2024-04-09,SPY,-0.0100636715329462,0.00058297924
2024-04-10,SPY,0.007518720065471,0.00028103185
2024-04-11,SPY,-0.0138994328456924,0.00068188465
2024-04-12,SPY,-0.0126072424856064,0.00020535025
2024-04-15,SPY,-0.0018254525129379,0.00020535025
2024-04-16,SPY,-0.0059358344905402,0.00044133485
2024-04-17,SPY,-0.0020598027274437,0.00042267615
2024-04-18,SPY,-0.0087666964927593,0.00028103185
2024-04-19,SPY,0.0091670479066795,0.0003571257
2024-04-22,SPY,0.0117967770695926,0.00044590002
2024-04-23,SPY,-0.0004747807804564,0.00054528
2024-04-24,SPY,-0.0038061989964922,0.00023154798
2024-04-25,SPY,0.0094293984866087,0.0004342597
2024-04-26,SPY,0.0035352298239801,0.00060620304
2024-04-29,SPY,-0.0159681494690576,0.000505515
2024-04-30,SPY,-0.0032523887516562,0.00044133485
2024-05-01,SPY,0.0093099215574254,0.00068188465
2024-05-02,SPY,0.0123191275766291,0.0005800053
2024-05-03,SPY,0.0102738834884772,0.00042983345
2024-05-06,SPY,0.0011028821295459,0.00042983345
2024-05-07,SPY,9.6572818400476e-05,0.00054825394
2024-05-08,SPY,0.0057452250475045,0.000330928
2024-05-09,SPY,0.0012874109899409,0.00036565325
2024-05-10,SPY,0.0001344525531366,0.000330928
2024-05-13,SPY,0.0045775550920839,0.0005402403
2024-05-14,SPY,0.0123070244493286,0.0005664381
2024-05-15,SPY,-0.0020597967131615,0.00036870927
2024-05-16,SPY,0.0014366758519649,0.000330928
2024-05-17,SPY,0.0011514014694472,0.00036565325
2024-05-20,SPY,0.0024494893404283,0.00046455872
2024-05-21,SPY,-0.0028833844892429,0.000330928
2024-05-22,SPY,-0.0073311269893385,0.00036565325
2024-05-23,SPY,0.0065945906408977,0.000330928
2024-05-24,SPY,0.000698736566415,0.00040343456
2024-05-28,SPY,-0.0070271748261601,0.0005402403
2024-05-29,SPY,-0.0066558743918297,0.00028103185
2024-05-30,SPY,0.0090669341819039,0.00068188465
2024-05-31,SPY,0.0008150837687053,0.00042267615
2024-06-03,SPY,0.0011172145173747,0.00037993732
2024-06-04,SPY,0.0118150371140727,0.00028103185
2024-06-05,SPY,-1.872862682220985e-05,0.0004907565
2024-06-06,SPY,-0.0012163774821402,0.0003571257
2024-06-07,SPY,0.0030849673829444,0.000330928
2024-06-10,SPY,0.002405263762142,0.00046455872
2024-06-11,SPY,0.0081796964050587,0.00044133485
2024-06-12,SPY,0.0020112954331979,0.00046455872
2024-06-13,SPY,0.000608306061857,0.000330928
2024-06-14,SPY,0.0079273653057025,0.000330928
2024-06-17,SPY,0.0025374979284659,0.000330928
2024-06-18,SPY,-0.00272020513796,0.000330928
2024-06-20,SPY,-0.0013415527678699,0.00028103185
2024-06-21,SPY,-0.0032559684916169,0.00047911616
2024-06-24,SPY,0.0038435150999232,0.00028103185
2024-06-25,SPY,0.0012472503288117,0.00028103185
2024-06-26,SPY,0.0015752598801697,0.00036565325
2024-06-27,SPY,-0.0039429254161052,0.0004907565
2024-06-28,SPY,0.002055998764043,0.00036565325
2024-07-01,SPY,0.0067072984822254,0.000330928
2024-07-02,SPY,0.0044526275538824,0.000330928
2024-07-03,SPY,0.0057498022611115,0.00046455872
2024-07-05,SPY,0.0011534159189438,0.00036870927
2024-07-08,SPY,0.0009718595704321,0.00046455872
2024-07-09,SPY,0.0098466995377311,0.00036870927
2024-07-10,SPY,-0.0086599678810618,0.00040343456
2024-07-11,SPY,0.0062876622125809,0.00045603118
2024-07-12,SPY,0.0027463143523001,0.00046455872
2024-07-15,SPY,0.005912728186936,0.0005664381
2024-07-16,SPY,-0.0141203034707726,0.0005664381
2024-07-17,SPY,-0.0077146829215464,0.000330928
2024-07-18,SPY,-0.0066626294403298,0.00023154798
2024-07-19,SPY,0.0102571220134084,0.00044133485
2024-07-22,SPY,-0.0015699717779422,0.0004907565
2024-07-23,SPY,-0.0229231606805317,0.0005317128
2024-07-24,SPY,-0.0052240437511786,0.00054825394
2024-07-25,SPY,0.0111375490371692,0.00068188465
2024-07-26,SPY,0.0005875090188933,0.00054507883
2024-07-29,SPY,-0.0050792626104808,0.00028103185
2024-07-30,SPY,0.016123940854879,0.0005220562
2024-07-31,SPY,-0.0142622731369975,0.00026932926
2024-08-01,SPY,-0.0187938102062552,0.00023154798
2024-08-02,SPY,-0.0295562875380078,0.00020535025
2024-08-05,SPY,0.0091773523580673,0.00028103185
2024-08-06,SPY,-0.006706494929227,0.00054507883
2024-08-07,SPY,0.0228543279654254,0.00034215604
2024-08-08,SPY,0.0043997755990961,0.00060620304
2024-08-09,SPY,0.0005253759228247,0.00034699455
2024-08-12,SPY,0.0163118670909636,0.00034501086
2024-08-13,SPY,0.0031498069302132,0.00046455872
2024-08-14,SPY,0.0169949638314199,0.00042267615
2024-08-15,SPY,0.0022394596646079,0.00045603118
2024-08-16,SPY,0.009516069690673,0.00044439087
2024-08-19,SPY,-0.0016275046304751,0.00046455872
2024-08-20,SPY,0.0034306415996877,0.00034215604
2024-08-21,SPY,-0.0078793869054946,0.0005664381
2024-08-22,SPY,0.0105692422865562,0.00034215604
2024-08-23,SPY,-0.0023866819418311,0.0004907565
2024-08-26,SPY,0.0013721959590671,0.00044439087
2024-08-27,SPY,-0.0058222025840247,0.00039647843
2024-08-28,SPY,8.949682979181738e-05,0.00028103185
2024-08-29,SPY,0.0095006635538333,0.00058297924
2024-08-30,SPY,-0.0207934963351939,0.00028103185
2024-09-03,SPY,-0.0020489890896018,0.00028103185
2024-09-04,SPY,-0.0024351718800367,0.0005402403
2024-09-05,SPY,-0.0169734500616912,0.00068188465
2024-09-06,SPY,0.011134001325001,0.00068188465
2024-09-09,SPY,0.0043464612250355,0.00037993732
2024-09-10,SPY,0.0102064993675142,0.00058603514
2024-09-11,SPY,0.0083881132029928,0.0005945627
2024-09-12,SPY,0.0052091334136588,0.0004463746
2024-09-13,SPY,0.001475737557225,0.00057147775
2024-09-16,SPY,0.0004085621683943,0.00028103185
2024-09-17,SPY,-0.002970227060072,0.00044133485
2024-09-18,SPY,0.0169203950336452,0.00044133485
2024-09-19,SPY,-0.0017300712581602,0.00036565325
2024-09-20,SPY,0.0024957078693023,0.00028103185
2024-09-23,SPY,0.0028571651045346,0.00028103185
2024-09-24,SPY,-0.0022078366903536,0.00047911616
2024-09-25,SPY,0.0039568005656947,0.00039647843
2024-09-26,SPY,-0.0014513994081907,0.00046455872
2024-09-27,SPY,0.0039992711698123,0.0005188811
2024-09-30,SPY,-0.0089988661910459,0.00044133485
2024-10-01,SPY,0.0004220700806981,0.00034215604
2024-10-02,SPY,-0.0018298616811826,0.0006556869
2024-10-03,SPY,0.0090462208578429,0.00034215604
2024-10-04,SPY,-0.0090814870298204,0.0006556869
2024-10-07,SPY,0.0094131161313303,0.000505515
2024-10-08,SPY,0.0069025280884205,0.00048380034
2024-10-09,SPY,-0.0017515556147903,0.00034215604
2024-10-10,SPY,0.0059703484879073,0.0004576026
2024-10-11,SPY,0.0081451247241307,0.0005664381
2024-10-14,SPY,-0.007800108227521,0.0005215816
2024-10-15,SPY,0.0043370816420227,0.000505515
2024-10-16,SPY,8.575686583639642e-05,0.00046455872
2024-10-17,SPY,0.0038391735651708,0.0004576026
2024-10-18,SPY,-0.0016435405886155,0.0005402403
2024-10-21,SPY,-0.0005312130974722,0.00034215604
2024-10-22,SPY,-0.009179377893969,0.0005215816
2024-10-23,SPY,0.0021602168043314,0.00034215604
2024-10-24,SPY,-0.0003453382238244,0.00061790564
2024-10-25,SPY,0.0030867329256151,0.00050245906
2024-10-28,SPY,0.0016169319145098,0.0006556869
2024-10-29,SPY,-0.0030297385036032,0.00061790564
2024-10-30,SPY,-0.0197977578880246,0.0006441034
2024-10-31,SPY,0.0042115891400156,0.0004677338
2024-11-01,SPY,-0.0021563434845885,0.00061790564
2024-11-04,SPY,0.0120193712156538,0.0005402403
2024-11-05,SPY,0.0245614761628291,0.00046455872
2024-11-06,SPY,0.0077022990380107,0.00045603118
2024-11-07,SPY,0.0043223825080921,0.00044590002
2024-11-08,SPY,0.0009523552677278,0.0005402403
2024-11-11,SPY,-0.0031110567902478,0.00068188465
2024-11-12,SPY,0.0004856000146452,0.00026647444
2024-11-13,SPY,-0.0064509322633477,0.00034215604
2024-11-14,SPY,-0.0128913129960528,0.00034215604
2024-11-15,SPY,0.0040889229020589,0.0004677338
2024-11-18,SPY,0.0036488496248641,0.00034215604
2024-11-19,SPY,0.0003387519810265,0.0005800053
2024-11-20,SPY,0.005353992960357,0.00050245906
2024-11-21,SPY,0.0030946414385025,0.00068188465
2024-11-22,SPY,0.0033863372375206,0.00068188465
2024-11-25,SPY,0.0052078268456401,0.0005664381
2024-11-26,SPY,-0.0030346789632932,0.00034215604
2024-11-27,SPY,0.0061929130482381,0.0005402403
2024-11-29,SPY,0.0017908315518474,0.0005402403
2024-12-02,SPY,0.0004636084025559,0.00036565325
2024-12-03,SPY,0.0061904106648289,0.00028103185
2024-12-04,SPY,-0.0016470058270539,0.00047911616
2024-12-05,SPY,0.0018938229038034,0.0005215816
2024-12-06,SPY,-0.0051629800445467,0.00046455872
2024-12-09,SPY,-0.0031138721059054,0.00042677746
2024-12-10,SPY,0.0077008508470658,0.00036565325
2024-12-11,SPY,-0.0051658608402041,0.00044133485
2024-12-12,SPY,-0.0001985248885624,0.00028103185
2024-12-13,SPY,0.0042607878556814,0.00028103185
2024-12-16,SPY,-0.0041285351988341,0.00068188465
2024-12-17,SPY,-0.030256617554091,0.00039647843
2024-12-18,SPY,-0.0003072340545122,0.00020535025
2024-12-19,SPY,0.0119395518817312,0.00042267615
2024-12-20,SPY,0.0059704264997792,0.0005800053
2024-12-23,SPY,0.0110536721942179,0.00028103185
2024-12-24,SPY,6.658196981035304e-05,0.0005188811
2024-12-26,SPY,-0.0105823194364887,0.0005317128
2024-12-27,SPY,-0.0114772147000172,0.00039647843
2024-12-30,SPY,-0.0036446655895905,0.00044133485
2024-12-31,SPY,-0.002460004744118,0.00050245906
2025-01-02,SPY,0.0124258113075582,0.00046455872
2025-01-03,SPY,0.005744105471728,0.00046455872
2025-01-06,SPY,-0.0113683976035042,0.00046045744
2025-01-07,SPY,0.0014598514670981,0.00042267615
2025-01-08,SPY,-0.0153852086545581,0.00020535025
2025-01-10,SPY,0.0015492795504548,0.00020535025
2025-01-13,SPY,0.0013750784908026,0.00020535025
2025-01-14,SPY,0.0180265646619547,0.0004066096
2025-01-15,SPY,-0.0019250199433773,0.00060620304
2025-01-16,SPY,0.0099898157756683,0.00037993732
2025-01-17,SPY,0.0091118752512373,0.00046045744
2025-01-21,SPY,0.0056056650937132,0.00042983345
2025-01-22,SPY,0.0054433031929987,0.0004066096
2025-01-23,SPY,-0.0029235937032188,0.0005402403
2025-01-24,SPY,-0.0142463535217668,0.0005945627
2025-01-27,SPY,0.0085556979824641,0.000330928
2025-01-28,SPY,-0.0044930270273263,0.00047911616
2025-01-29,SPY,0.0053527296968623,0.0004066096
2025-01-30,SPY,-0.0053361487568763,0.00046455872
2025-01-31,SPY,-0.0067523135698664,0.0005567815
2025-02-03,SPY,0.0066858864308259,0.00042267615
2025-02-04,SPY,0.0040463323898264,0.0004907565
2025-02-05,SPY,0.0034696096837826,0.0006556869
2025-02-06,SPY,-0.0091956848849816,0.00028103185
2025-02-07,SPY,0.0067682024582176,0.0004342597
2025-02-10,SPY,0.0007603276300703,0.00058297924
2025-02-11,SPY,-0.0032266920262813,0.00020535025
2025-02-12,SPY,0.0105021959539457,0.00030425572
2025-02-13,SPY,-4.919871361414832e-05,0.00040343456
2025-02-14,SPY,0.0029315286122265,0.00058603514
2025-02-18,SPY,0.0023521152322455,0.00037993732
2025-02-19,SPY,-0.0041689332130845,0.00028103185
2025-02-20,SPY,-0.017252068090942,0.00039647843
2025-02-21,SPY,-0.0045608221718455,0.00020535025
2025-02-24,SPY,-0.0049855795112177,0.00028103185
2025-02-25,SPY,0.0005046719337935,0.00020535025
2025-02-26,SPY,-0.0160907017618059,0.00046455872
2025-02-27,SPY,0.0154850648708026,0.0005220562
2025-02-28,SPY,-0.0176752437595492,0.00046045744
2025-03-03,SPY,-0.0119074783678858,0.00020535025
2025-03-04,SPY,0.0106904796501026,0.00068188465
2025-03-05,SPY,-0.0179105299866497,0.00046455872
2025-03-06,SPY,0.0055891852413129,0.0003571257
2025-03-07,SPY,-0.0269967167141666,0.00050245906
2025-03-10,SPY,-0.0083476227766867,0.00023154798
2025-03-11,SPY,0.0052925064532095,0.00060620304
2025-03-12,SPY,-0.0134201500855197,0.00046455872
2025-03-13,SPY,0.0204453169956775,0.00042267615
2025-03-14,SPY,0.0076818016313321,0.00046455872
2025-03-17,SPY,-0.0108672957673506,0.00045603118
2025-03-18,SPY,0.0108319984247456,0.00042267615
2025-03-19,SPY,-0.0028959236972234,0.0005402403
2025-03-20,SPY,0.0003298074347405,0.00042267615
2025-03-21,SPY,0.0177500339541835,0.00037993732
2025-03-24,SPY,0.0024009699512088,0.00046455872
2025-03-25,SPY,-0.0120100999126719,0.00042267615
2025-03-26,SPY,-0.0026592418520149,0.00020535025
2025-03-27,SPY,-0.0203438693065222,0.0005567815
2025-03-28,SPY,0.0066903824190193,0.00028103185
2025-03-31,SPY,0.0028204454330976,0.00026647444
2024-01-02,MTUM,-0.0085419440650603,0.00022880406
2024-01-03,MTUM,-0.0025569215970418,-0.00014319843
2024-01-04,MTUM,0.0020984371163327,0.0007612674
2024-01-05,MTUM,0.0233751126642699,-2.8501781e-05
2024-01-08,MTUM,0.0033862453954218,0.00033174892
2024-01-09,MTUM,0.009711506823306,0.00050592766
2024-01-10,MTUM,0.005731878935018,0.00036427972
2024-01-11,MTUM,0.0020076865624575,0.00042640712
2024-01-12,MTUM,0.0025042174706899,0.00010387137
2024-01-16,MTUM,-0.0057059050692915,-0.00045663764
2024-01-17,MTUM,0.0129945110183476,0.00075231015
2024-01-18,MTUM,0.0213092646111032,-0.00047413536
2024-01-19,MTUM,0.0026701637879563,-0.0001484707
2024-01-22,MTUM,0.0008479183787126,0.0008200612
2024-01-23,MTUM,0.0098208160452144,0.00046864062
2024-01-24,MTUM,0.0067521062290798,0.00045036353
2024-01-25,MTUM,-0.004596188219033,0.00032800515
2024-01-26,MTUM,0.0113622126748461,0.0004899256
2024-01-29,MTUM,-0.0021909557088616,-4.946554e-05
2024-01-30,MTUM,-0.0181856937501938,0.00012624208
2024-01-31,MTUM,0.0169399557497875,-0.00036096034
2024-02-01,MTUM,0.0258385392204907,-0.00014251724
2024-02-02,MTUM,0.0024840620207895,0.00027261802
2024-02-05,MTUM,-0.0043946662027521,0.00014091562
2024-02-06,MTUM,0.0160389867454098,0.00024334696
2024-02-07,MTUM,0.0043248934485937,-3.0093986e-05
2024-02-08,MTUM,0.0132557163974588,0.0004907336
2024-02-09,MTUM,-0.0059011464026131,0.00018965796
2024-02-12,MTUM,-0.0119645442696423,0.00041343347
2024-02-13,MTUM,0.0198249688785665,0.0003319341
2024-02-14,MTUM,0.0018995810211087,0.00027359766
2024-02-15,MTUM,-0.0099290928545266,1.2110409e-05
2024-02-16,MTUM,-0.0126515385860013,0.00029634015
2024-02-20,MTUM,-0.0090617717772301,1.048742e-05
2024-02-21,MTUM,0.0385401194376237,0.0002510347
2024-02-22,MTUM,-0.0018309243397867,0.00012419792
2024-02-23,MTUM,0.0026620635142391,0.0002333252
2024-02-26,MTUM,0.0006091994927633,0.0006835027
2024-02-27,MTUM,-0.0021055942232379,0.00031414302
2024-02-28,MTUM,0.0107039926595768,0.00027896508
2024-02-29,MTUM,0.0231641666369715,-0.00011234951
2024-03-01,MTUM,0.006680716167434,0.0002005657
2024-03-04,MTUM,-0.0183313037588541,0.0002479654
2024-03-05,MTUM,0.0097718884489926,-0.00029498333
2024-03-06,MTUM,0.016359375848343,0.00020119871
2024-03-07,MTUM,-0.0188876423643739,-0.00020959543
2024-03-08,MTUM,-0.0132839223987416,0.0008902266
2024-03-11,MTUM,0.0207962045215167,-6.7805406e-05
2024-03-12,MTUM,-0.0055213884810901,-0.00043710868
2024-03-13,MTUM,-0.0053359958937275,-3.7804806e-05
2024-03-14,MTUM,-0.0136025903880922,-0.00025651976
2024-03-15,MTUM,0.0072052159639532,0.0012873763
2024-03-18,MTUM,0.0042875006343156,-0.0005265977
2024-03-19,MTUM,0.0116834632852681,-5.2385178e-05
2024-03-20,MTUM,0.0103504308859562,0.00023837929
2024-03-21,MTUM,-5.3186465938268994e-05,0.00020468212
2024-03-22,MTUM,-0.0011672304470634,0.00037269626
2024-03-25,MTUM,-0.0034033467857352,0.0002274226
2024-03-26,MTUM,-5.318747637467604e-05,0.00048867404
2024-03-27,MTUM,-0.0019729616463879,0.00036070324
2024-03-28,MTUM,0.0010669491023649,0.000444833
2024-04-01,MTUM,-0.0065799198785368,0.00012171368
2024-04-02,MTUM,0.0084976459752449,0.00023112324
2024-04-03,MTUM,-0.0192897892355343,8.822752e-05
2024-04-04,MTUM,0.0175319254741102,0.0013455309
2024-04-05,MTUM,-0.0026156314360598,0.00065268367
2024-04-08,MTUM,-0.0063270863480594,0.00024192574
2024-04-09,MTUM,-0.0039884386235612,0.00025287992
2024-04-10,MTUM,0.0111170373664048,6.879488e-05
2024-04-11,MTUM,-0.0179991311005992,0.0009108271
2024-04-12,MTUM,-0.0171113596123613,-0.00053261867
2024-04-15,MTUM,0.0049661502952944,-0.00020098744
2024-04-16,MTUM,-0.0136327684883001,0.0016234173
2024-04-17,MTUM,-0.0061566945384307,0.00075826305
2024-04-18,MTUM,-0.0258188403586583,0.00020135808
2024-04-19,MTUM,0.0099172270640429,0.0008162041
2024-04-22,MTUM,0.0212209989487442,-0.00011376788
2024-04-23,MTUM,-0.0045898082598206,4.336111e-05
2024-04-24,MTUM,-0.0046108851987533,0.00025825974
2024-04-25,MTUM,0.0126013011200847,0.00039776263
2024-04-26,MTUM,0.0003338705837182,0.00030013768
2024-04-29,MTUM,-0.0147403245730428,0.0006756662
2024-04-30,MTUM,-0.0103293301539741,0.0008240261
2024-05-01,MTUM,0.0108938772292026,0.0015937553
2024-05-02,MTUM,0.0161767488116645,0.0003128528
2024-05-03,MTUM,0.0201181818359849,0.00046009503
2024-05-06,MTUM,-0.0005987849635797,0.0005408985
2024-05-07,MTUM,0.0014148160497946,0.0006753617
2024-05-08,MTUM,0.0020640088476006,0.00064394675
2024-05-09,MTUM,0.0017891344944155,0.0003808194
2024-05-10,MTUM,-0.0051046188404913,0.0002716615
2024-05-13,MTUM,0.0064578329424646,0.000744769
2024-05-14,MTUM,0.0230459407907839,0.0009294825
2024-05-15,MTUM,-0.0085465719992675,7.618807e-05
2024-05-16,MTUM,-0.0009069012739558,0.00042394473
2024-05-17,MTUM,0.0085017098762232,8.4745705e-05
2024-05-20,MTUM,0.0005290407621682,0.00070499425
2024-05-21,MTUM,-0.0018526650014555,0.00034489468
2024-05-22,MTUM,-0.0003179306825569,0.00038232811
2024-05-23,MTUM,0.0100190468578307,0.00034388475
2024-05-24,MTUM,0.0042931916795494,0.0006486185
2024-05-28,MTUM,-0.007288460641981,0.000805048
2024-05-29,MTUM,-0.0177333739850583,0.00022373066
2024-05-30,MTUM,-0.0004286318217094,0.0012926933
2024-05-31,MTUM,-0.0017163669051477,0.00025426265
2024-06-03,MTUM,-0.0026877348283963,0.00015754913
2024-06-04,MTUM,0.022566107540312,0.0004890119
2024-06-05,MTUM,-0.0046418391645294,0.00040950984
2024-06-06,MTUM,0.0007928286365496,0.00070697605
2024-06-07,MTUM,0.0110330584315277,0.0006497906
2024-06-10,MTUM,-0.0025766914658391,0.00050402136
2024-06-11,MTUM,0.011211153354981,0.0009495725
2024-06-12,MTUM,0.0090335472080052,0.00031532045
2024-06-13,MTUM,0.0004109045223565,0.00078089285
2024-06-14,MTUM,0.0135709697871325,0.00018849905
2024-06-17,MTUM,0.0073711940745221,-0.0003928945
2024-06-18,MTUM,-0.0085373332268142,0.0005627969
2024-06-20,MTUM,-0.0086109258738574,0.00043956772
2024-06-21,MTUM,-0.0118393027453092,0.0012552325
2024-06-24,MTUM,0.0091748305328835,0.00018677548
2024-06-25,MTUM,-0.0028773388357541,-0.0002221871
2024-06-26,MTUM,0.0036979510024114,0.00069001626
2024-06-27,MTUM,-0.0009745470233836,0.0010274822
2024-06-28,MTUM,0.0016919815499213,0.0005246233
2024-07-01,MTUM,0.0060778526026526,0.00045036353
2024-07-02,MTUM,0.0084171132112282,9.162799e-05
2024-07-03,MTUM,0.0027228367981135,0.00039195103
2024-07-05,MTUM,0.0046720976956453,0.0005945623
2024-07-08,MTUM,0.0022028858757875,0.00097110646
2024-07-09,MTUM,0.0081185005844272,0.0005748474
2024-07-10,MTUM,-0.0142383772618557,-0.00022317837
2024-07-11,MTUM,0.0029642388949537,0.0006392729
2024-07-12,MTUM,0.0049543546923543,0.000679404
2024-07-15,MTUM,0.0052776126721123,0.0012897924
2024-07-16,MTUM,-0.0382638003530792,0.0010572529
2024-07-17,MTUM,-0.0076133197937791,0.00037213537
2024-07-18,MTUM,-0.0059965739222372,0.00027903554
2024-07-19,MTUM,0.0164950199585454,0.0012830728
2024-07-22,MTUM,0.0015935485258437,0.00036116395
2024-07-23,MTUM,-0.0368300590031466,0.00093741796
2024-07-24,MTUM,-0.010930843521458,0.00067869044
2024-07-25,MTUM,0.0132728306733874,0.0023096092
2024-07-26,MTUM,-0.0037285419030855,0.0012090597
2024-07-29,MTUM,-0.0130523261943486,0.0004714322
2024-07-30,MTUM,0.0319766812930822,0.0010654622
2024-07-31,MTUM,-0.0277146136269784,0.00015764196
2024-08-01,MTUM,-0.0347838227090115,0.00030485186
2024-08-02,MTUM,-0.0222068409711385,0.00028748883
2024-08-05,MTUM,0.0165610752794579,0.0005180115
2024-08-06,MTUM,-0.0133744447716189,0.00014513316
2024-08-07,MTUM,0.0377402149744116,0.000106395804
2024-08-08,MTUM,0.0101242184308029,0.0008084237
2024-08-09,MTUM,0.0028121703346045,0.000454638
2024-08-12,MTUM,0.0213189347076772,0.00083902
2024-08-13,MTUM,0.0079509671049677,0.0013429702
2024-08-14,MTUM,0.0226603863207544,2.7203729e-05
2024-08-15,MTUM,-0.0008719581489943,0.00059789745
2024-08-16,MTUM,0.0111248921777059,0.00032445692
2024-08-19,MTUM,-0.001828593531133,0.0007870106
2024-08-20,MTUM,0.0048688384204979,0.00034230298
2024-08-21,MTUM,-0.0084341419780007,0.0008018547
2024-08-22,MTUM,0.0095466124415026,0.00018254905
2024-08-23,MTUM,-0.0091384649861125,0.0013124312
2024-08-26,MTUM,0.0033096666741019,0.0016620491
2024-08-27,MTUM,-0.0092948743618358,-0.00017029053
2024-08-28,MTUM,-0.0019001354079086,0.00042215004
2024-08-29,MTUM,0.0144936809269125,0.0011056418
2024-08-30,MTUM,-0.0298790278123741,-0.00077407097
2024-09-03,MTUM,-0.0013059354900227,8.62636e-05
2024-09-04,MTUM,-0.005924130131712,0.0021040924
2024-09-05,MTUM,-0.0220630955276934,0.0017546758
2024-09-06,MTUM,0.0168967763165777,0.0017079165
2024-09-09,MTUM,0.0020064691112636,0.00015983998
2024-09-10,MTUM,0.0158562650660411,0.0015816226
2024-09-11,MTUM,0.0131522957954405,0.00095467316
2024-09-12,MTUM,0.0081649707774889,0.0012033074
2024-09-13,MTUM,0.002740741807352,0.0016367468
2024-09-16,MTUM,-0.000608465436857,2.0256502e-05
2024-09-17,MTUM,-0.0031492983490182,0.0017296291
2024-09-18,MTUM,0.0192479099928581,0.0012836695
2024-09-19,MTUM,0.0059211984760035,0.0010025845
2024-09-20,MTUM,0.0055902366571461,0.00020765397
2024-09-23,MTUM,0.0014789055951755,-7.892093e-05
2024-09-24,MTUM,0.0019235382530558,0.0006139415
2024-09-25,MTUM,0.0017230632658614,0.00062057795
2024-09-26,MTUM,-0.0067120680564706,0.00049051776
2024-09-27,MTUM,0.0040523547264355,0.001196919
2024-09-30,MTUM,-0.0055886570889908,0.0017712497
2024-10-01,MTUM,0.0029218508145669,7.3167794e-05
2024-10-02,MTUM,-0.0020790432478187,0.0016625506
2024-10-03,MTUM,0.009665658747045,0.00041682445
2024-10-04,MTUM,-0.007191064425379,0.0010410936
2024-10-07,MTUM,0.0098866814725806,0.0017392217
2024-10-08,MTUM,0.0079949778158584,0.00091964065
2024-10-09,MTUM,-0.0046233932729506,0.0001312521
2024-10-10,MTUM,0.0114463976017666,0.00078601576
2024-10-11,MTUM,0.0076864645867238,0.0012619705
2024-10-14,MTUM,-0.0102456908491021,0.0004477305
2024-10-15,MTUM,0.0087609654369507,0.001702193
2024-10-16,MTUM,0.0,0.0011160261
2024-10-17,MTUM,0.0032538063960559,0.0008423915
2024-10-18,MTUM,-0.0029661781647124,0.0007675816
2024-10-21,MTUM,-0.0031193084109565,0.00019749936
2024-10-22,MTUM,-0.0023096648493911,0.00076152495
2024-10-23,MTUM,-0.002942911325426,0.00019704596
2024-10-24,MTUM,-0.0059606044638734,0.0013515854
2024-10-25,MTUM,0.0037840165462523,0.0009990248
2024-10-28,MTUM,-0.0010174487085084,0.0018736054
2024-10-29,MTUM,-0.0058821511915025,0.0017788097
2024-10-30,MTUM,-0.0132023596056811,0.0020403324
2024-10-31,MTUM,-0.0035139389801236,0.000841034
2024-11-01,MTUM,-0.0018856520849194,0.0014989381
2024-11-04,MTUM,0.0168451879338209,0.0014052972
2024-11-05,MTUM,0.0228395701338344,0.0009490712
2024-11-06,MTUM,0.0047151521111856,0.000598011
2024-11-07,MTUM,0.0159324041561265,-0.000115849994
2024-11-08,MTUM,-0.0011229514697236,0.0015442483
2024-11-11,MTUM,-0.0051160663855688,0.0013209777
2024-11-12,MTUM,-0.0025442968556531,-0.0004373763
2024-11-13,MTUM,-0.0103853970643089,0.00033303726
2024-11-14,MTUM,-0.0065520343694889,-0.0006150613
2024-11-15,MTUM,0.0047867515878998,7.663346e-05
2024-11-18,MTUM,0.0075167305896735,-0.00017392526
2024-11-19,MTUM,0.0029341719810902,0.0009719349
2024-11-20,MTUM,0.0103428098985511,0.0012051931
2024-11-21,MTUM,0.0051315644556044,0.0012281836
2024-11-22,MTUM,-0.0020960880652118,0.0012659354
2024-11-25,MTUM,0.0083581189800668,0.001124962
2024-11-26,MTUM,-0.0046812302792556,5.4451015e-05
2024-11-27,MTUM,0.0058828094377637,0.001320235
2024-11-29,MTUM,-0.008022203970679,0.00059096597
2024-12-02,MTUM,0.0022322924779743,0.0006672187
2024-12-03,MTUM,0.0064362746409943,-0.00012039734
2024-12-04,MTUM,-0.0003231646984126,0.00063892204
2024-12-05,MTUM,0.004422561976739,0.0006019181
2024-12-06,MTUM,-0.0211834553074753,9.888558e-05
2024-12-09,MTUM,-0.0094819242256345,0.0015398721
2024-12-10,MTUM,0.0111706975837841,0.001332269
2024-12-11,MTUM,-0.0073388492604826,0.0006945385
2024-12-12,MTUM,0.0117350373991988,0.00018047412
2024-12-13,MTUM,0.0081796228496273,8.273354e-05
2024-12-16,MTUM,-0.0121119355233743,0.0010946449
2024-12-17,MTUM,-0.0352138971139674,0.00079611
2024-12-18,MTUM,-0.0007794790611409,8.861832e-05
2024-12-19,MTUM,0.0189240411535874,0.0008226939
2024-12-20,MTUM,0.0039136747098541,0.00022416192
2024-12-23,MTUM,0.0127794820551338,-0.00046407376
2024-12-24,MTUM,0.0014098498184963,-0.00039286705
2024-12-26,MTUM,-0.0121905997484693,0.0016778972
2024-12-27,MTUM,-0.0117637483294417,0.00044989545
2024-12-30,MTUM,-0.004676854436868,0.0014265052
2024-12-31,MTUM,0.0051096644032139,0.001095019
2025-01-02,MTUM,0.0156476757036697,0.001150761
2025-01-03,MTUM,0.0030248600773951,0.00063769316
2025-01-06,MTUM,-0.0145939038536544,6.450679e-05
2025-01-07,MTUM,0.0045388240976458,0.00076270825
2025-01-08,MTUM,-0.0138238014628265,-0.00026648643
2025-01-10,MTUM,-0.0002900254286771,-0.00038496693
2025-01-13,MTUM,0.0103409003915129,0.00027993676
2025-01-14,MTUM,0.0189118143123527,0.0005887665
2025-01-15,MTUM,0.0066451562019048,0.0011032629
2025-01-16,MTUM,0.0136655847875513,0.00040946016
2025-01-17,MTUM,0.0156124694428521,-0.00048137218
2025-01-21,MTUM,0.0054658135176195,0.00016631576
2025-01-22,MTUM,0.0080761524478703,0.00015263457
2025-01-23,MTUM,-0.0034468320525417,0.0008120091
2025-01-24,MTUM,-0.0416144840780054,0.0007395204
2025-01-27,MTUM,0.0110179639700639,0.00013232394
2025-01-28,MTUM,0.0002311585104118,0.00083567004
2025-01-29,MTUM,0.0162761912603873,0.00021185906
2025-01-30,MTUM,-0.0034622352449339,0.00012860307
2025-01-31,MTUM,-0.0002738364093897,0.0009883029
2025-02-03,MTUM,0.0059165828236849,0.00069919653
2025-02-04,MTUM,0.0154895370193229,0.00065265666
2025-02-05,MTUM,0.0101799395550352,0.0008111409
2025-02-06,MTUM,-0.0054549705438787,-0.00070876844
2025-02-07,MTUM,0.0097799506311973,0.0003257925
2025-02-10,MTUM,-0.0049443641963071,-0.00032254055
2025-02-11,MTUM,-0.002082185747267,-0.0005153552
2025-02-12,MTUM,0.0097970826024311,0.00017538577
2025-02-13,MTUM,0.002587647878203,0.0003680737
2025-02-14,MTUM,0.005155294212596,0.00067653385
2025-02-18,MTUM,-0.0012208895899002,0.00017599862
2025-02-19,MTUM,-0.0177393071860678,0.0010600622
2025-02-20,MTUM,-0.0235918288087051,0.00086441956
2025-02-21,MTUM,-0.0103296064381639,4.9074944e-05
2025-02-24,MTUM,-0.003728330665192,-0.00015344501
2025-02-25,MTUM,0.0062061609852816,-8.7698034e-05
2025-02-26,MTUM,-0.0172887873149953,0.001353256
2025-02-27,MTUM,0.0183422914456173,0.0006918466
2025-02-28,MTUM,-0.0188553420250185,-1.7308615e-05
2025-03-03,MTUM,-0.0207884342817978,0.00013393656
2025-03-04,MTUM,0.0126847246587678,0.0022732767
2025-03-05,MTUM,-0.039427683426581,0.00079695956
2025-03-06,MTUM,-0.0002445885906691,0.00077332085
2025-03-07,MTUM,-0.0411075479922693,0.0007031913
2025-03-10,MTUM,0.0033596553482626,6.2209183e-06
2025-03-11,MTUM,0.0156308636704945,0.0019680467
2025-03-12,MTUM,-0.0158341228991805,0.0010293353
2025-03-13,MTUM,0.0263351304149836,0.0006916815
2025-03-14,MTUM,0.0116649290287194,0.0010367495
2025-03-17,MTUM,-0.0197673959135555,0.0010565657
2025-03-18,MTUM,0.0188861703337962,0.00050961034
2025-03-19,MTUM,-0.0014212921341374,0.00077153975
2025-03-20,MTUM,0.0041113872603789,0.0006355246
2025-03-21,MTUM,0.0276036262178551,0.00023582135
2025-03-24,MTUM,0.0027994434748048,-0.00025815945
2025-03-25,MTUM,-0.0193280119468687,-0.00013070375
2025-03-26,MTUM,-0.0106354943349338,-0.00013277707
2025-03-27,MTUM,-0.019523429402701,0.0010142558
2025-03-28,MTUM,0.0063029279118144,8.010511e-05
2025-03-31,MTUM,0.0069514338625932,-6.9375186e-05
2024-01-02,VLUE,-0.0100205422896117,0.0003095959
2024-01-03,VLUE,-0.0052987634840959,8.6362925e-05
2024-01-04,VLUE,0.005597868882843,0.0005859216
2024-01-05,VLUE,0.0101160154074748,0.00020749765
2024-01-08,VLUE,-0.0078259198175983,0.0003095959
2024-01-09,VLUE,-0.0021904136678888,8.6362925e-05
2024-01-10,VLUE,-0.0050962526846436,0.00018846117
2024-01-11,VLUE,-0.002708534944015,0.00018846117
2024-01-12,VLUE,-0.0053381774725553,8.6362925e-05
2024-01-16,VLUE,-0.0086211281892919,6.6888024e-05
2024-01-17,VLUE,0.0019335812135218,0.00021117643
2024-01-18,VLUE,0.0134310686363863,9.004172e-05
2024-01-19,VLUE,0.003804636255873,0.00021840018
2024-01-22,VLUE,0.0037901373302454,0.0003095959
2024-01-23,VLUE,-0.003090909135412,0.00018846117
2024-01-24,VLUE,0.0133910710775347,8.6362925e-05
2024-01-25,VLUE,-0.0100014544093119,0.0003395349
2024-01-26,VLUE,0.003477040659952,0.00044163314
2024-01-29,VLUE,0.0053413397553289,0.0005859216
2024-01-30,VLUE,-0.0106114936739858,8.6362925e-05
2024-01-31,VLUE,0.0086365360227412,0.00032049842
2024-02-01,VLUE,-0.0043585445100541,0.00027028588
2024-02-02,VLUE,-0.0087746550873209,0.00032049842
2024-02-05,VLUE,0.0044966635746338,-9.355672e-05
2024-02-06,VLUE,0.0017931132587048,0.00027028588
2024-02-07,VLUE,0.0003977979671216,0.00018846117
2024-02-08,VLUE,0.0036742399557162,0.0003095959
2024-02-09,VLUE,0.0109419435449088,0.00044163314
2024-02-12,VLUE,-0.019002895391825,0.0005859216
2024-02-13,VLUE,0.0091506402895812,-0.00022559396
2024-02-14,VLUE,0.0107342709411071,0.0005859216
2024-02-15,VLUE,-0.0049097289060945,0.00044531195
2024-02-16,VLUE,-0.0017734262968291,0.00029343957
2024-02-20,VLUE,0.0020687047545535,-0.000116724856
2024-02-21,VLUE,0.0050061306893713,4.8482907e-06
2024-02-22,VLUE,0.0023473274805897,8.667298e-05
2024-02-23,VLUE,-0.0037189960291864,0.00014192742
2024-02-26,VLUE,0.0037189960291863,0.00044163314
2024-02-27,VLUE,-0.0021514290615939,0.00041457432
2024-02-28,VLUE,0.0066348235412012,-0.00022559396
2024-02-29,VLUE,0.010255348907481,0.00044163314
2024-03-01,VLUE,0.0048013697633485,0.00027028588
2024-03-04,VLUE,-0.0052827922926658,4.705292e-05
2024-03-05,VLUE,0.0089162905918136,-1.462661e-05
2024-03-06,VLUE,0.0066590234532475,0.00023096139
2024-03-07,VLUE,-0.0037044311676631,7.728464e-06
2024-03-08,VLUE,0.0046521000603607,0.00012966181
2024-03-11,VLUE,0.0022708522443497,-0.00018597387
2024-03-12,VLUE,-0.0008509933727891,4.705292e-05
2024-03-13,VLUE,-0.0112241526471006,0.0003395349
2024-03-14,VLUE,-0.0007655953435956,-0.00040920684
2024-03-15,VLUE,0.00324958942489,0.0005859216
2024-03-18,VLUE,0.0042846525541779,-0.00040920684
2024-03-19,VLUE,0.0121820018051835,0.00017186644
2024-03-20,VLUE,0.0071542834820908,0.00044163314
2024-03-21,VLUE,-0.0047008379340275,0.00044163314
2024-03-22,VLUE,-0.001226007318231,0.00014915116
2024-03-25,VLUE,-0.0003775185495739,0.00044163314
2024-03-26,VLUE,0.0173121216383524,0.00028253705
2024-03-27,VLUE,0.0048124576035964,0.0003095959
2024-03-28,VLUE,-0.0039779737546859,0.00044163314
2024-04-01,VLUE,-0.0101551530766579,-8.130554e-05
2024-04-02,VLUE,-0.0004683217422878,-0.000116724856
2024-04-03,VLUE,-0.0105482724189684,0.00048382333
2024-04-04,VLUE,0.0040629934886878,-4.1685445e-05
2024-04-05,VLUE,-0.0008490376728467,0.00012886315
2024-04-08,VLUE,0.0040498352301339,0.00023096139
2024-04-09,VLUE,-0.020415659014638,0.00040230865
2024-04-10,VLUE,0.0001918930564015,-0.00040920684
2024-04-11,VLUE,-0.0175129445918212,0.00040230865
2024-04-12,VLUE,-0.0050885021186641,-0.00040920684
2024-04-15,VLUE,-0.0068910441083837,-0.000116724856
2024-04-16,VLUE,-0.004058498911436,-0.00014378369
2024-04-17,VLUE,0.0002974713326947,0.00027027144
2024-04-18,VLUE,0.0038597154901445,0.00026169905
2024-04-19,VLUE,0.0073808112819355,0.00027027144
2024-04-22,VLUE,0.0079106271133832,0.00023096139
2024-04-23,VLUE,0.0031080741463572,0.00023096139
2024-04-24,VLUE,-0.00603065022912,-0.00016282017
2024-04-25,VLUE,-0.0032247606036692,0.00010982671
2024-04-26,VLUE,0.0062445174793306,0.00023096139
2024-04-29,VLUE,-0.0182572469309432,0.00023096139
2024-04-30,VLUE,-0.0078562771281573,-0.0002880721
2024-05-01,VLUE,0.0062701581998237,0.00041457432
2024-05-02,VLUE,0.0064283935479439,0.00027028588
2024-05-03,VLUE,0.008148820969733,0.00041457432
2024-05-06,VLUE,-0.0010762324076928,0.00041457432
2024-05-07,VLUE,0.0018580529757431,0.0004538843
2024-05-08,VLUE,0.0068160461942574,0.00018846117
2024-05-09,VLUE,0.0019389389391993,0.0003095959
2024-05-10,VLUE,0.0026115880320702,1.711391e-05
2024-05-13,VLUE,0.0041451691335672,0.00041457432
2024-05-14,VLUE,0.0102408400944758,0.00041457432
2024-05-15,VLUE,-0.004389756533616,1.711391e-05
2024-05-16,VLUE,0.0010513925289474,0.00013824864
2024-05-17,VLUE,-0.0025827077227882,0.00020749765
2024-05-20,VLUE,9.57665482474465e-05,0.00013824864
2024-05-21,VLUE,-0.0020134019953034,-8.4984335e-05
2024-05-22,VLUE,-0.0137213438773954,0.00013824864
2024-05-23,VLUE,0.0062075708373886,4.705292e-05
2024-05-24,VLUE,-0.0075706575119664,0.00020749765
2024-05-28,VLUE,-0.0109718712130232,0.00041457432
2024-05-29,VLUE,0.0094118885914399,-0.0002771696
2024-05-30,VLUE,0.015780370117016,0.0005859216
2024-05-31,VLUE,-0.0063597360449436,0.00016898627
2024-06-03,VLUE,-0.0036799411505522,0.00041457432
2024-06-04,VLUE,0.0063830324010062,0.00017988878
2024-06-05,VLUE,-0.0026064452893769,0.00044163314
2024-06-06,VLUE,-0.0021286753755838,0.00013824864
2024-06-07,VLUE,0.0042529046926814,3.615039e-05
2024-06-10,VLUE,-0.0049496732508649,0.00027028588
2024-06-11,VLUE,0.0012664565593964,0.00028253705
2024-06-12,VLUE,-0.0038043438850821,3.615039e-05
2024-06-13,VLUE,-0.0068647549132794,-8.4984335e-05
2024-06-14,VLUE,0.0061804342610333,-8.4984335e-05
2024-06-17,VLUE,0.0041965768418771,-8.4984335e-05
2024-06-18,VLUE,0.0026260257013407,-8.4984335e-05
2024-06-20,VLUE,0.0016500298175705,0.00044531195
2024-06-21,VLUE,0.0059943031296771,0.00041457432
2024-06-24,VLUE,-0.0059943031296772,0.00016898627
2024-06-25,VLUE,-0.004568304454702,-0.00022559396
2024-06-26,VLUE,-0.0004872461261712,0.00016818763
2024-06-27,VLUE,0.0083471635905126,0.00013824864
2024-06-28,VLUE,-0.0030977595975673,0.00020749765
2024-07-01,VLUE,0.0027110640291123,-8.4984335e-05
2024-07-02,VLUE,-0.0017419829233373,8.6362925e-05
2024-07-03,VLUE,-0.0031043710119947,0.00013824864
2024-07-05,VLUE,0.0088029499777976,0.00014915116
2024-07-08,VLUE,0.0029811482647485,0.00016818763
2024-07-09,VLUE,0.0101271738610462,0.00014915116
2024-07-10,VLUE,0.0061597017901568,0.00031247607
2024-07-11,VLUE,0.0089350645091209,0.00044163314
2024-07-12,VLUE,0.0030849980301593,0.00027028588
2024-07-15,VLUE,0.0186800779029946,0.0005859216
2024-07-16,VLUE,-0.001100003424783,0.00044163314
2024-07-17,VLUE,-0.005518312629714,0.0004538843
2024-07-18,VLUE,-0.0116884553660151,-0.000116724856
2024-07-19,VLUE,0.0040043041439048,-0.00014378369
2024-07-22,VLUE,-0.0102756811392569,0.00031247607
2024-07-23,VLUE,-0.0049889603801159,0.0004538843
2024-07-24,VLUE,-0.001983611811108,-1.462661e-05
2024-07-25,VLUE,0.0137104227357438,0.0005859216
2024-07-26,VLUE,-0.0022408853959981,0.00040230865
2024-07-29,VLUE,0.0015878487379003,-0.00040920684
2024-07-30,VLUE,0.0040978904146449,0.00012966181
2024-07-31,VLUE,-0.0180066544906701,-0.00013655997
2024-08-01,VLUE,-0.0351521602708349,-0.00040920684
2024-08-02,VLUE,-0.0268218470504404,-0.00018597387
2024-08-05,VLUE,0.0059228275953527,-0.00016282017
2024-08-06,VLUE,-0.0077368645453337,0.00023096139
2024-08-07,VLUE,0.0217508730447377,-0.000116724856
2024-08-08,VLUE,0.0003946319193728,0.00025802024
2024-08-09,VLUE,-0.0068306207494683,0.00018846117
2024-08-12,VLUE,0.0141047720236995,0.00014913671
2024-08-13,VLUE,0.0007833871680135,8.667298e-05
2024-08-14,VLUE,0.0164041790079867,-0.0002771696
2024-08-15,VLUE,0.0048021348994047,0.00028253705
2024-08-16,VLUE,0.009725425456437,0.00019892526
2024-08-19,VLUE,-0.0056139904727548,0.00023096139
2024-08-20,VLUE,0.0066572198567022,-0.0002880721
2024-08-21,VLUE,-0.0046553814842501,0.00041457432
2024-08-22,VLUE,0.0175575393938119,2.7563568e-05
2024-08-23,VLUE,-0.0012172016897069,0.0005859216
2024-08-26,VLUE,-0.001969288354927,0.00041457432
2024-08-27,VLUE,-0.0025376644665797,-0.00040920684
2024-08-28,VLUE,0.0038509785217559,2.7563568e-05
2024-08-29,VLUE,0.0126690151476819,-0.00018597387
2024-08-30,VLUE,-0.0168023950598994,-0.00015603488
2024-09-03,VLUE,-0.0035836117275691,-1.462661e-05
2024-09-04,VLUE,-0.0082530610345377,0.00023096139
2024-09-05,VLUE,-0.012653550179158,0.00023096139
2024-09-06,VLUE,0.0098872742776775,-4.1685445e-05
2024-09-09,VLUE,-0.0044994914752077,0.00023096139
2024-09-10,VLUE,0.0020128182769339,0.00040230865
2024-09-11,VLUE,0.0061099204751895,0.00023096139
2024-09-12,VLUE,0.0116384650881355,-1.17464515e-05
2024-09-13,VLUE,0.011411530716692,0.0005859216
2024-09-16,VLUE,0.0016726262054169,2.7563568e-05
2024-09-17,VLUE,-0.0013007459822066,0.00026169905
2024-09-18,VLUE,0.0121057946472645,0.00015960081
2024-09-19,VLUE,-0.0046031873595623,-0.00015603488
2024-09-20,VLUE,0.0043274854757212,-1.17464515e-05
2024-09-23,VLUE,0.0022027039909356,-0.0002880721
2024-09-24,VLUE,-0.0070560886464394,0.00023096139
2024-09-25,VLUE,0.0103675545473709,-0.00026491843
2024-09-26,VLUE,0.0045022941924531,0.00023096139
2024-09-27,VLUE,-0.0003668201930034,0.00040230865
2024-09-30,VLUE,-0.0061633805806819,-0.00014378369
2024-10-01,VLUE,-0.0008309633800951,6.6888024e-05
2024-10-02,VLUE,-0.0026817862004169,0.0005859216
2024-10-03,VLUE,0.0074727340680512,0.00021117643
2024-10-04,VLUE,-0.0027611434326262,0.00044163314
2024-10-07,VLUE,0.0014735537829095,0.00044531195
2024-10-08,VLUE,0.010163467720128,8.6362925e-05
2024-10-09,VLUE,-0.0064890905027,9.004172e-05
2024-10-10,VLUE,0.0100357876939117,9.004172e-05
2024-10-11,VLUE,0.0071456947709903,0.0005859216
2024-10-14,VLUE,-0.0085993097145581,0.0003626886
2024-10-15,VLUE,0.0103103333598032,0.00048382333
2024-10-16,VLUE,-0.0021617176620619,0.0005859216
2024-10-17,VLUE,-0.0005412824188217,9.004172e-05
2024-10-18,VLUE,-0.0116153335085659,0.0005859216
2024-10-21,VLUE,-0.0027418929274654,0.00022207896
2024-10-22,VLUE,9.147992557927796e-05,0.0003241772
2024-10-23,VLUE,-0.0021071509933801,0.00021117643
2024-10-24,VLUE,-0.0052410950284116,0.00031327468
2024-10-25,VLUE,0.0079886540942906,0.00044531195
2024-10-28,VLUE,-0.0066988105028829,0.0005859216
2024-10-29,VLUE,-0.003412551983942,0.00021117643
2024-10-30,VLUE,-0.005744361196876,0.00021117643
2024-10-31,VLUE,0.0025055759004068,0.00031327468
2024-11-01,VLUE,-0.0017626107431905,0.00031327468
2024-11-04,VLUE,0.0123651994606057,0.0005859216
2024-11-05,VLUE,0.0299041884629064,0.00048382333
2024-11-06,VLUE,0.0005339406708424,0.0004538843
2024-11-07,VLUE,0.0023102940655225,0.0005859216
2024-11-08,VLUE,0.0074277940229724,0.00048382333
2024-11-11,VLUE,-0.0100050227873367,0.0005859216
2024-11-12,VLUE,0.0024885781312364,6.6888024e-05
2024-11-13,VLUE,-0.0058756338161062,0.00016898627
2024-11-14,VLUE,-0.0092389604677741,6.6888024e-05
2024-11-15,VLUE,0.0060194772898688,0.00019892526
2024-11-18,VLUE,-0.0054789681137352,7.779054e-05
2024-11-19,VLUE,0.0028779307119872,0.0005859216
2024-11-20,VLUE,0.0134697304761772,0.00031327468
2024-11-21,VLUE,0.0111900349119441,0.0005859216
2024-11-22,VLUE,0.0108928872530391,0.0005859216
2024-11-25,VLUE,-0.0074815853987721,0.0005859216
2024-11-26,VLUE,-0.003586545805031,-5.4246702e-05
2024-11-27,VLUE,0.0040231313861297,0.0005859216
2024-11-29,VLUE,-0.0034974916382635,0.0005859216
2024-12-02,VLUE,-0.0058856929189616,0.00014192742
2024-12-03,VLUE,-0.0048576194244194,3.9829174e-05
2024-12-04,VLUE,-0.0047034213204884,0.00031247607
2024-12-05,VLUE,-0.0005338243828082,0.00016898627
2024-12-06,VLUE,-0.0058017485825759,0.00041457432
2024-12-09,VLUE,-0.0094437634727308,0.0004538843
2024-12-10,VLUE,-0.003167914575853,0.00012966181
2024-12-11,VLUE,-0.0018146125227286,2.7578004e-05
2024-12-12,VLUE,-0.0029104577831947,-0.00012349572
2024-12-13,VLUE,-0.0064879041788433,5.07317e-05
2024-12-16,VLUE,-0.0064082976452926,0.00027028588
2024-12-17,VLUE,-0.0278842476516643,0.00012966181
2024-12-18,VLUE,-0.0064210326604665,-0.00013576134
2024-12-19,VLUE,0.0151713536074686,-0.00026491843
2024-12-20,VLUE,0.0040636442322159,0.00040230865
2024-12-23,VLUE,0.0076103119831712,-0.00013288118
2024-12-24,VLUE,0.0030839903708223,0.00023096139
2024-12-26,VLUE,-0.0060836021237576,0.0005859216
2024-12-27,VLUE,-0.0116142889126404,0.00012966181
2024-12-30,VLUE,0.0030346000923789,6.6888024e-05
2024-12-31,VLUE,-0.0014212858629232,0.00016898627
2025-01-02,VLUE,0.0098131998614777,0.00044163314
2025-01-03,VLUE,0.0053378492415778,0.00027028588
2025-01-06,VLUE,-0.0029931584776828,0.00023096139
2025-01-07,VLUE,-0.0028143181974703,0.00027027144
2025-01-08,VLUE,-0.0135245494650055,-0.00040920684
2025-01-10,VLUE,0.007210692715974,-0.0003071086
2025-01-13,VLUE,0.0097837302691025,0.00012966181
2025-01-14,VLUE,0.0140369113477127,2.7563568e-05
2025-01-15,VLUE,0.0038695258936033,8.667298e-05
2025-01-16,VLUE,0.0086976873695016,0.00023096139
2025-01-17,VLUE,0.0112402278674319,0.00028117397
2025-01-21,VLUE,-0.0028885948459146,0.00027028588
2025-01-22,VLUE,0.0064875751233897,3.9829174e-05
2025-01-23,VLUE,-0.002698002882661,0.00031247607
2025-01-24,VLUE,-0.0019832921665434,0.0005859216
2025-01-27,VLUE,-0.0097933506337889,0.00012598302
2025-01-28,VLUE,0.0009108251155735,-1.5425263e-05
2025-01-29,VLUE,0.0102351841607586,-0.00014378369
2025-01-30,VLUE,-0.0087795175560495,0.00025802024
2025-01-31,VLUE,-0.006018110944794,-1.17464515e-05
2025-02-03,VLUE,0.003013582672983,-0.00026491843
2025-02-04,VLUE,0.0081729747663146,0.0005859216
2025-02-05,VLUE,-0.0050775071168424,0.00023096139
2025-02-06,VLUE,-0.0053776589525992,1.5312384e-05
2025-02-07,VLUE,0.0041042436280805,0.00028117397
2025-02-10,VLUE,0.004359191467218,-5.393663e-05
2025-02-11,VLUE,0.0006341756322566,-1.462661e-05
2025-02-12,VLUE,0.0133143381015932,0.00023096139
2025-02-13,VLUE,0.0009825668564571,0.00012886315
2025-02-14,VLUE,0.0129503319725501,0.00023096139
2025-02-18,VLUE,0.0007928088423127,0.00040230865
2025-02-19,VLUE,-0.0015863144440211,-0.00016282017
2025-02-20,VLUE,-0.0154655877331892,0.00012966181
2025-02-21,VLUE,-0.0018828422091719,-1.462661e-05
2025-02-24,VLUE,-0.0020662330042329,-1.462661e-05
2025-02-25,VLUE,-0.0014398084548655,0.00012966181
2025-02-26,VLUE,-0.0094101510800496,8.667298e-05
2025-02-27,VLUE,0.0104902535231973,-1.462661e-05
2025-02-28,VLUE,-0.0143157231418498,0.00013688553
2025-03-03,VLUE,-0.0220519056807726,-0.000116724856
2025-03-04,VLUE,0.0090086398700199,0.0005859216
2025-03-05,VLUE,-0.0069583237462791,8.667298e-05
2025-03-06,VLUE,0.0124903022379832,0.00027027144
2025-03-07,VLUE,-0.0151939100780519,-4.1685445e-05
2025-03-10,VLUE,-0.0176112452794465,0.00012598302
2025-03-11,VLUE,-0.0023781465464209,0.00044163314
2025-03-12,VLUE,-0.0010481261417608,0.00025802024
2025-03-13,VLUE,0.0175774508677663,-0.000116724856
2025-03-14,VLUE,0.0149693939134898,8.667298e-05
2025-03-17,VLUE,-0.0017753502504574,0.0005859216
2025-03-18,VLUE,0.0056589104185122,0.00027027144
2025-03-19,VLUE,-0.004914914922807,0.00023096139
2025-03-20,VLUE,-0.0056868713727593,-0.00013288118
2025-03-21,VLUE,0.0143874300849042,-1.5425263e-05
2025-03-24,VLUE,-0.0008297973754021,0.00041457432
2025-03-25,VLUE,-0.0030483773957353,-0.00040920684
2025-03-26,VLUE,-0.0064971173613038,0.00012966181
2025-03-27,VLUE,-0.0146330117791385,-0.00018597387
2025-03-28,VLUE,0.0077184088172277,-9.357116e-05
2025-03-31,VLUE,-0.0011258350603769,-0.000116724856
2024-01-02,USMV,-0.0023007224799164,0.00048351876
2024-01-03,USMV,-0.0019211707721598,0.00027206106
2024-01-04,USMV,-0.0017964355233847,0.00037526968
2024-01-05,USMV,0.0076764607950456,0.00037526968
2024-01-08,USMV,-0.0019135729043316,0.00027206106
2024-01-09,USMV,0.0025507829975425,0.00048351876
2024-01-10,USMV,-0.0010195126941941,0.00048351876
2024-01-11,USMV,0.0048332818167335,0.00048351876
2024-01-12,USMV,-0.0029225349690493,0.00038031014
2024-01-16,USMV,-0.0021656633639059,1.5245336e-05
2024-01-17,USMV,0.0049615109923001,0.00048351876
2024-01-18,USMV,0.0073333344591474,2.0285792e-05
2024-01-19,USMV,0.0017620669775793,0.00038031014
2024-01-22,USMV,0.0042665766150347,0.00027206106
2024-01-23,USMV,-0.0043923286298769,0.00048351876
2024-01-24,USMV,0.0051432991073085,0.00038031014
2024-01-25,USMV,0.0007506016805449,0.00034084142
2024-01-26,USMV,0.0028714511700453,0.00034084142
2024-01-29,USMV,0.0033606201857676,0.00027206106
2024-01-30,USMV,-0.0094882019276828,0.00034084142
2024-01-31,USMV,0.0113502265847879,0.00026617176
2024-02-01,USMV,-0.0034786984967637,0.00012938373
2024-02-02,USMV,-0.0059916712553061,0.00012938373
2024-02-05,USMV,0.0020011828702538,0.00023259234
2024-02-06,USMV,0.0043638511782979,0.0002376328
2024-02-07,USMV,-0.0014939972151397,0.00038031014
2024-02-08,USMV,0.001120634421894,0.00048351876
2024-02-09,USMV,-0.0007469500615035,0.00038031014
2024-02-12,USMV,-0.0075010324623691,0.00048351876
2024-02-13,USMV,0.0050067727512829,0.00027206106
2024-02-14,USMV,0.0069679035934789,0.00027206106
2024-02-15,USMV,-0.0023585391979903,0.00038031014
2024-02-16,USMV,-0.0004973206312668,0.00048351876
2024-02-20,USMV,0.0031037936669499,0.00016296313
2024-02-21,USMV,0.0102362777504219,0.00038031014
2024-02-22,USMV,0.0035520536175454,0.00012938373
2024-02-23,USMV,-0.0046568666932927,0.00034084142
2024-02-26,USMV,0.0003685022881813,0.00048351876
2024-02-27,USMV,0.0007363107875659,0.00038031014
2024-02-28,USMV,-0.0013504929429151,0.00034084142
2024-02-29,USMV,0.0049025465604607,0.00034084142
2024-03-01,USMV,0.0012217952639908,0.0002376328
2024-03-04,USMV,-0.006370177770053,0.00048351876
2024-03-05,USMV,0.0069806111030192,0.00023259234
2024-03-06,USMV,0.0036545113522416,0.0002376328
2024-03-07,USMV,-0.0013385226211864,0.00038031014
2024-03-08,USMV,0.0035249493301031,0.00023259234
2024-03-11,USMV,0.0041165743463635,0.00023259234
2024-03-12,USMV,-0.0013299184028457,0.00038031014
2024-03-13,USMV,-0.0035150283677781,0.00023259234
2024-03-14,USMV,-0.0020661654259476,2.0285792e-05
2024-03-15,USMV,0.0023088576334336,0.00048351876
2024-03-18,USMV,0.0060512482269853,-8.796328e-05
2024-03-19,USMV,0.0026508913739723,0.00023259234
2024-03-20,USMV,0.0019318921323744,0.00038031014
2024-03-21,USMV,-0.0025363335955121,0.00038031014
2024-03-22,USMV,-0.0031492243602722,0.00048351876
2024-03-25,USMV,-0.0001212571669856,0.00034084142
2024-03-26,USMV,0.0115801987140252,0.00034084142
2024-03-27,USMV,0.0023958894877552,0.00038031014
2024-03-28,USMV,-0.0035959437305149,0.00034084142
2024-04-01,USMV,-0.0051766974593686,0.00048351876
2024-04-02,USMV,-0.0022957307654149,0.00048351876
2024-04-03,USMV,-0.0087486367667941,0.00048351876
2024-04-04,USMV,0.0048695801590612,0.00034084142
2024-04-05,USMV,-0.0006072845220337,0.00034084142
2024-04-08,USMV,0.0002429769063771,0.001019177
2024-04-09,USMV,-0.0097667542741516,0.001019177
2024-04-10,USMV,-0.0020880220896326,0.00080182997
2024-04-11,USMV,-0.0108776358595507,0.00048351876
2024-04-12,USMV,-0.0059834381786428,-8.796328e-05
2024-04-15,USMV,-0.0007505503765867,0.00035980658
2024-04-16,USMV,0.0,0.00034084142
2024-04-17,USMV,0.0010004471670236,0.00080182997
2024-04-18,USMV,0.0062305810547173,0.00080182997
2024-04-19,USMV,0.0045858710665311,0.0005771536
2024-04-22,USMV,0.0037027161773828,0.0006986214
2024-04-23,USMV,0.0022149713596712,0.0009159683
2024-04-24,USMV,-0.0015992145557418,0.0005771536
2024-04-25,USMV,-0.0035768321249848,0.00034084142
2024-04-26,USMV,0.0043152783105669,0.0002376328
2024-04-29,USMV,-0.0102641525225064,0.00012938373
2024-04-30,USMV,-0.001368280388876,0.00023259234
2024-05-01,USMV,0.0037272905026805,0.00037526968
2024-05-02,USMV,0.0058113965842417,0.00038031014
2024-05-03,USMV,0.0060229106115486,0.00038031014
2024-05-06,USMV,0.006352513744493,0.0002376328
2024-05-07,USMV,0.0002434798235088,0.00048351876
2024-05-08,USMV,0.0058267399363626,0.00048351876
2024-05-09,USMV,0.003503889304256,0.0002376328
2024-05-10,USMV,0.0,0.00034084142
2024-05-13,USMV,0.0009642917447219,0.00023259234
2024-05-14,USMV,0.0067252446782328,0.00027206106
2024-05-15,USMV,0.0039418688427916,0.00012938373
2024-05-16,USMV,0.0022626550812249,0.00023259234
2024-05-17,USMV,-0.0015475257034945,0.00034084142
2024-05-20,USMV,-0.0005959826511688,0.00048351876
2024-05-21,USMV,-0.000596153092162,0.00034084142
2024-05-22,USMV,-0.0115163884999377,0.00034084142
2024-05-23,USMV,0.0016877912491981,0.00012938373
2024-05-24,USMV,-0.009561268974843,0.00012938373
2024-05-28,USMV,-0.0085492855908862,0.00048351876
2024-05-29,USMV,0.0017157143402126,0.00026617176
2024-05-30,USMV,0.0137412895535463,0.00048351876
2024-05-31,USMV,-0.0026604229532135,0.00038031014
2024-06-03,USMV,0.0048321182541171,0.00034084142
2024-06-04,USMV,0.0024072380109751,0.00048351876
2024-06-05,USMV,0.0007209590324974,0.00038031014
2024-06-06,USMV,-0.0018036064048102,0.00023259234
2024-06-07,USMV,0.0022840502588596,0.0002376328
2024-06-10,USMV,-0.0008317730694854,0.00048351876
2024-06-11,USMV,-0.001086164958452,0.00023259234
2024-06-12,USMV,-0.0001207163875361,0.00012938373
2024-06-13,USMV,0.0007242662900667,0.00034084142
2024-06-14,USMV,0.0078129939029097,0.00048351876
2024-06-17,USMV,0.001913880957715,0.0002376328
2024-06-18,USMV,0.0054820685188964,0.00038031014
2024-06-20,USMV,-0.0001188224603762,0.00026617176
2024-06-21,USMV,0.0059255382337259,0.00048351876
2024-06-24,USMV,-0.004856277092189,1.5245336e-05
2024-06-25,USMV,-0.0041645323876709,1.5245336e-05
2024-06-26,USMV,0.0021439071889942,0.00023259234
2024-06-27,USMV,-0.0010713330438047,0.00037526968
2024-06-28,USMV,-0.0023848880942227,0.00048351876
2024-07-01,USMV,0.003099237636518,0.00034084142
2024-07-02,USMV,-0.0017869236874847,0.00038031014
2024-07-03,USMV,0.0029764346653027,0.00038031014
2024-07-05,USMV,0.0007129912984944,0.00034084142
2024-07-08,USMV,-0.002021402485383,0.00048351876
2024-07-09,USMV,0.0078253667877395,0.00048351876
2024-07-10,USMV,0.0041251741066441,2.0285792e-05
2024-07-11,USMV,0.0074995579482144,0.00038031014
2024-07-12,USMV,0.0013997751163461,0.00012938373
2024-07-15,USMV,0.0097449255304331,0.00037526968
2024-07-16,USMV,0.0019606432491028,0.00038031014
2024-07-17,USMV,-0.0055459551004165,0.00048351876
2024-07-18,USMV,-0.0076761928648898,2.0285792e-05
2024-07-19,USMV,0.004543034497218,0.00034084142
2024-07-22,USMV,-0.0048933481208056,0.00027206106
2024-07-23,USMV,-0.0036272625275985,0.00048351876
2024-07-24,USMV,0.0016397100624873,0.00015792268
2024-07-25,USMV,0.010824706358953,0.001019177
2024-07-26,USMV,0.0012726248336483,0.0009159683
2024-07-29,USMV,0.00323219218455,1.5245336e-05
2024-07-30,USMV,0.0031067511450727,0.001019177
2024-07-31,USMV,0.0005743848736117,0.0006986214
2024-08-01,USMV,-0.0022991660024136,-8.796328e-05
2024-08-02,USMV,-0.0225801830856668,0.0002376328
2024-08-05,USMV,0.0064536688157174,1.5245336e-05
2024-08-06,USMV,-0.0002339686630932,0.00012938373
2024-08-07,USMV,0.0130174172621344,0.0001234944
2024-08-08,USMV,0.0025371782732664,0.0002376328
2024-08-09,USMV,-0.0013830849482199,0.0006986214
2024-08-12,USMV,0.0082701372726066,0.00080182997
2024-08-13,USMV,0.0063854423764585,0.0002376328
2024-08-14,USMV,0.0070223372502743,0.0006986214
2024-08-15,USMV,0.0032678116144471,0.00027206106
2024-08-16,USMV,0.0062800887710434,0.00012938373
2024-08-19,USMV,0.0007822020940687,0.00038031014
2024-08-20,USMV,0.0049031186906535,1.5245336e-05
2024-08-21,USMV,-0.0024484251410724,0.00027206106
2024-08-22,USMV,0.0056669997081276,1.5245336e-05
2024-08-23,USMV,0.000775271049959,0.00038031014
2024-08-26,USMV,0.0019909571401102,0.00023259234
2024-08-27,USMV,-0.0012162011984172,0.0001234944
2024-08-28,USMV,0.0033135276339557,0.0001234944
2024-08-29,USMV,0.0069226031077944,0.001019177
2024-08-30,USMV,-0.0056004133416584,-8.796328e-05
2024-09-03,USMV,0.000660567420541,0.00034084142
2024-09-04,USMV,-0.0072896672547227,0.00034084142
2024-09-05,USMV,-0.0099148509013751,0.001019177
2024-09-06,USMV,0.0089166247476127,0.00034084142
2024-09-09,USMV,0.0023275321680715,2.0285792e-05
2024-09-10,USMV,-0.0009967281992529,0.001019177
2024-09-11,USMV,0.0058559011978624,0.0002376328
2024-09-12,USMV,0.0062600419502468,0.0009159683
2024-09-13,USMV,0.0052413439975353,0.0009159683
2024-09-16,USMV,-0.0057888264823167,0.0001234944
2024-09-17,USMV,-0.0049416429142422,0.00034084142
2024-09-18,USMV,0.0048320427292596,0.001019177
2024-09-19,USMV,0.0001096001849826,0.0002376328
2024-09-20,USMV,0.0040447624461655,1.5245336e-05
2024-09-23,USMV,-0.0020750239760166,0.0001234944
2024-09-24,USMV,-0.0040934644762037,0.0009159683
2024-09-25,USMV,0.0029726992571216,0.00080182997
2024-09-26,USMV,0.0012085175710217,0.00012938373
2024-09-27,USMV,0.0026319443650402,0.001019177
2024-09-30,USMV,-0.00175383154364,0.00034084142
2024-10-01,USMV,-0.0018668066343886,0.00080182997
2024-10-02,USMV,-0.0034132194192252,0.001019177
2024-10-03,USMV,0.0047313170147733,1.5245336e-05
2024-10-04,USMV,-0.0109266629753372,0.00012938373
2024-10-07,USMV,0.0080685293279366,0.00034084142
2024-10-08,USMV,0.0086590524893566,0.0006986214
2024-10-09,USMV,-0.0030604637126786,0.0006986214
2024-10-10,USMV,0.0071990431022924,0.00080182997
2024-10-11,USMV,0.0066077975706589,0.00038031014
2024-10-14,USMV,-0.0041111831569724,0.00080182997
2024-10-15,USMV,0.0049745240574558,0.00037526968
2024-10-16,USMV,0.0016168511491854,0.00027206106
2024-10-17,USMV,0.0002154324607898,0.00080182997
2024-10-18,USMV,-0.0045327752840492,0.00012938373
2024-10-21,USMV,-0.0039016682308043,0.0001234944
2024-10-22,USMV,-0.00206522579525,0.00080182997
2024-10-23,USMV,-0.0035973517722903,1.5245336e-05
2024-10-24,USMV,-0.0062442213796729,0.00034084142
2024-10-25,USMV,0.00164703118822,0.001019177
2024-10-28,USMV,-0.0009879100446205,0.001019177
2024-10-29,USMV,-0.0046229974011303,0.001019177
2024-10-30,USMV,-0.0071970531977995,0.001019177
2024-10-31,USMV,-0.0002222423579146,0.001019177
2024-11-01,USMV,-0.0003334561736962,0.001019177
2024-11-04,USMV,0.0087453219530958,0.00023259234
2024-11-05,USMV,0.018779773211863,0.0009159683
2024-11-06,USMV,0.0019450987776329,0.0005771536
2024-11-07,USMV,0.0090275174962597,0.00016296313
2024-11-08,USMV,-0.0013918525076939,0.00048351876
2024-11-11,USMV,-0.0021449681279982,0.00048351876
2024-11-12,USMV,0.0,-8.796328e-05
2024-11-13,USMV,-0.0109031741102522,2.0285792e-05
2024-11-14,USMV,-0.0106940575177459,1.5245336e-05
2024-11-15,USMV,0.0037231907846154,0.00015792268
2024-11-18,USMV,-0.0013124751357547,0.00080182997
2024-11-19,USMV,0.0065452172968855,0.0009159683
2024-11-20,USMV,0.0107068608939864,0.001019177
2024-11-21,USMV,0.0053642805888399,0.0009159683
2024-11-22,USMV,0.0044838181246256,0.00048351876
2024-11-25,USMV,0.0073229454042624,0.00027206106
2024-11-26,USMV,-0.001375570441302,0.00026617176
2024-11-27,USMV,0.0011640923706679,0.00023259234
2024-11-29,USMV,-0.0041333584500455,0.00012938373
2024-12-02,USMV,-0.0036174247480775,0.00012938373
2024-12-03,USMV,0.0026611102335804,1.5245336e-05
2024-12-04,USMV,-0.002128304977602,0.0002376328
2024-12-05,USMV,-0.0036286206548788,0.00026617176
2024-12-06,USMV,-0.0088059787725746,0.00012938373
2024-12-09,USMV,-0.0033492544937303,0.00048351876
2024-12-10,USMV,-0.0021669795342958,0.00038031014
2024-12-11,USMV,-0.0028238191288338,0.00012938373
2024-12-12,USMV,-0.0030501286196337,0.00026617176
2024-12-13,USMV,-0.0040447984049256,0.00026617176
2024-12-16,USMV,-0.0044336777937627,0.00048351876
2024-12-17,USMV,-0.0214508413736125,0.00080182997
2024-12-18,USMV,0.000451481266853,0.00035980658
2024-12-19,USMV,0.0095491195401507,0.00080182997
2024-12-20,USMV,-0.0003354376555337,0.0009159683
2024-12-23,USMV,0.0073545259744962,0.0006986214
2024-12-24,USMV,0.00044403383494,0.00038031014
2024-12-26,USMV,-0.0048949086188034,0.00048351876
2024-12-27,USMV,-0.0106508857659727,1.5245336e-05
2024-12-30,USMV,0.0007886825886512,0.00037526968
2024-12-31,USMV,-0.0014652040031087,0.0006803622
2025-01-02,USMV,0.0049504467381593,0.00027206106
2025-01-03,USMV,-0.0055145788118485,0.00038031014
2025-01-06,USMV,-0.0018073469110938,0.0006986214
2025-01-07,USMV,0.0061990054864715,0.001019177
2025-01-08,USMV,-0.0149425432751634,-8.796328e-05
2025-01-10,USMV,0.005572907840407,0.00035980658
2025-01-13,USMV,0.0053164424679216,-8.796328e-05
2025-01-14,USMV,0.0060736454108827,0.0009159683
2025-01-15,USMV,0.0059254423717297,0.0009159683
2025-01-16,USMV,0.0015593569632526,1.5245336e-05
2025-01-17,USMV,0.0094156676068969,0.0006986214
2025-01-21,USMV,-0.0006616635150579,0.00038031014
2025-01-22,USMV,0.0034142288064427,0.00037526968
2025-01-23,USMV,-0.0001098596050073,0.00038031014
2025-01-24,USMV,0.0105010327786942,0.00037526968
2025-01-27,USMV,-0.0028331762308758,0.00038031014
2025-01-28,USMV,-0.0013103448882339,0.00012938373
2025-01-29,USMV,0.0095695043958149,0.001019177
2025-01-30,USMV,-0.0048821247831049,0.00012938373
2025-01-31,USMV,0.0045574344956685,0.001019177
2025-02-03,USMV,-0.0003249615691081,1.5245336e-05
2025-02-04,USMV,0.008304198921324,0.0009159683
2025-02-05,USMV,0.0001074638230488,0.00038031014
2025-02-06,USMV,-0.0044127063041528,-8.796328e-05
2025-02-07,USMV,0.0041978493433401,0.00080182997
2025-02-10,USMV,0.0013954583598899,0.00012938373
2025-02-11,USMV,-0.0040843718048878,0.00016296313
2025-02-12,USMV,0.009006274555021,2.0285792e-05
2025-02-13,USMV,-0.0079298084439765,0.00038031014
2025-02-14,USMV,0.002256797593402,0.00048351876
2025-02-18,USMV,0.0063131413165747,1.5245336e-05
2025-02-19,USMV,-0.0002133312955709,0.0001234944
2025-02-20,USMV,-0.0071739304718824,0.00048351876
2025-02-21,USMV,0.0049308724187569,0.00016296313
2025-02-24,USMV,0.0059702079193426,0.0006803622
2025-02-25,USMV,-0.0074683253531812,2.0285792e-05
2025-02-26,USMV,-0.0007499011918053,0.00012938373
2025-02-27,USMV,0.0134130889602506,0.00026617176
2025-02-28,USMV,-0.001587444479013,0.0006986214
2025-03-03,USMV,-0.0116112710143547,5.471406e-05
2025-03-04,USMV,0.0038499040414573,0.00048351876
2025-03-05,USMV,-0.0065321819916034,0.0009159683
2025-03-06,USMV,0.0079186954066077,0.0005771536
2025-03-07,USMV,-0.0071669419410671,0.00012938373
2025-03-10,USMV,-0.0140543075784407,0.0005771536
2025-03-11,USMV,-0.007760044674739,0.0009159683
2025-03-12,USMV,-0.002086890708188,0.00012938373
2025-03-13,USMV,0.0113699888267022,0.00080182997
2025-03-14,USMV,0.0136042551859981,0.0002376328
2025-03-17,USMV,-0.0052329372075082,0.0009159683
2025-03-18,USMV,0.0045331773476984,0.00080182997
2025-03-19,USMV,-0.0034519957924219,0.0009159683
2025-03-20,USMV,-0.0012976077423686,0.00080182997
2025-03-21,USMV,0.006686132420757,1.5245336e-05
2025-03-24,USMV,-0.0020442466856481,0.0002376328
2025-03-25,USMV,0.0031184596362674,0.001019177
2025-03-26,USMV,0.0035368112531548,0.00027206106
2025-03-27,USMV,-0.0078406863256342,0.001019177
2025-03-28,USMV,0.0098713869267345,0.00080182997
2025-03-31,USMV,-0.0007477418155472,-8.796328e-05
2024-01-02,EFA,-0.0075442080164606,0.00021202743
2024-01-03,EFA,0.0022963572188357,0.00020239943
2024-01-04,EFA,0.000674184669885,0.00020640151
2024-01-05,EFA,0.0105949187226875,0.0002092552
2024-01-08,EFA,-0.0089782191780456,0.00020640151
2024-01-09,EFA,0.006440260919396,0.00022155787
2024-01-10,EFA,-0.0001336556365571,0.00022385608
2024-01-11,EFA,0.0041379753292159,0.0002041033
2024-01-12,EFA,-0.0169268006969043,0.00020640151
2024-01-16,EFA,-0.0095289193766425,0.0002002521
2024-01-17,EFA,0.008851338665671,0.00021795544
2024-01-18,EFA,0.0023021591061812,0.0002002521
2024-01-19,EFA,0.0031062052276427,0.0002002521
2024-01-22,EFA,-0.0028358049713655,0.00020255032
2024-01-23,EFA,0.0075442080164608,0.00022155787
2024-01-24,EFA,0.0028145215315294,0.00022155787
2024-01-25,EFA,0.0044067269902797,0.00021155342
2024-01-26,EFA,0.005845590019416,0.00020255032
2024-01-29,EFA,-0.0013256407100446,0.00020255032
2024-01-30,EFA,-0.0050531030637616,0.0002053269
2024-01-31,EFA,0.0098170000656516,0.0002002521
2024-02-01,EFA,-0.0079523089088334,0.00020255032
2024-02-02,EFA,-0.005336925989038,0.0002002521
2024-02-05,EFA,0.0061349563773707,0.0002002521
2024-02-06,EFA,-0.0005320192736552,0.00020532255
2024-02-07,EFA,-0.001730915164339,0.00022155787
2024-02-08,EFA,0.0034589439305346,0.00020255032
2024-02-09,EFA,0.0017249435203466,0.00022385608
2024-02-12,EFA,-0.0154980043897114,0.00022385608
2024-02-13,EFA,0.0111133167544275,0.00019854824
2024-02-14,EFA,0.0112547569027952,0.00020255032
2024-02-15,EFA,0.0015788396574652,0.00021155342
2024-02-16,EFA,0.0040668598246687,0.0002002521
2024-02-20,EFA,0.000785287141773,0.00020755133
2024-02-21,EFA,0.0111878257014726,0.000219854
2024-02-22,EFA,0.0012927032233018,0.0002002521
2024-02-23,EFA,-0.0014220858631721,0.00020255032
2024-02-26,EFA,0.0027133232154169,0.00020255032
2024-02-27,EFA,-0.0058233349312308,0.00020255032
2024-02-28,EFA,0.0025923136926536,0.0002002521
2024-02-29,EFA,0.0096618119946217,0.00020932898
2024-03-01,EFA,-0.0025672546939444,0.00020255032
2024-03-04,EFA,-0.0018011193306359,0.0002002521
2024-03-05,EFA,0.0117768277830362,0.0002092552
2024-03-06,EFA,0.011765731049647,0.00022385608
2024-03-07,EFA,-0.0032754946822307,0.0002002521
2024-03-08,EFA,-0.0056943770868227,0.00021155342
2024-03-11,EFA,0.0079630399509889,0.00020132046
2024-03-12,EFA,0.0001259960948819,0.0002002521
2024-03-13,EFA,-0.0073279562220702,0.00020932898
2024-03-14,EFA,0.0003802729372001,0.00019854824
2024-03-15,EFA,-0.0002534659689124,0.00021155342
2024-03-18,EFA,0.0017735116357211,0.00022155787
2024-03-19,EFA,0.0105754223469678,0.00020255032
2024-03-20,EFA,-0.0005010964299523,0.00021155342
2024-03-21,EFA,-0.0021323667897323,0.00022385608
2024-03-22,EFA,-0.0021368244862423,0.0002002521
2024-03-25,EFA,0.0011318345931535,0.00021155342
2024-03-26,EFA,0.0060151398003959,0.00020255032
2024-03-27,EFA,-0.0022514518043116,0.00021432564
2024-03-28,EFA,-0.004266611422152,0.00020640151
2024-04-01,EFA,-0.0070671173983845,0.0002002521
2024-04-02,EFA,0.0055570259395415,0.0002092552
2024-04-03,EFA,-0.0086010610761324,0.00021155342
2024-04-04,EFA,0.0031707811578619,0.00020255032
2024-04-05,EFA,0.0049263428248046,0.00020255032
2024-04-08,EFA,-0.0001260239634598,0.00022385608
2024-04-09,EFA,-0.0133207866074404,0.00022385608
2024-04-10,EFA,0.0026783705728885,0.0002002521
2024-04-11,EFA,-0.016308567112676,0.00022385608
2024-04-12,EFA,-0.0029821582943525,0.00019854824
2024-04-15,EFA,-0.009917878274205,0.00020755133
2024-04-16,EFA,0.0006555641875041,0.00020255032
2024-04-17,EFA,-0.002756158874819,0.00022155787
2024-04-18,EFA,0.000394217140586,0.0002092552
2024-04-19,EFA,0.011624255820934,0.000219854
2024-04-22,EFA,0.0108485885458708,0.0002002521
2024-04-23,EFA,-0.0019286615887314,0.00022385608
2024-04-24,EFA,-0.0046440618540476,0.00019854824
2024-04-25,EFA,0.0079846880045546,0.0002002521
2024-04-26,EFA,0.0038407832567914,0.00020255032
2024-04-29,EFA,-0.0127308291637109,0.00020532255
2024-04-30,EFA,-0.002202538528561,0.00020255032
2024-05-01,EFA,0.0133988442682856,0.00020255032
2024-05-02,EFA,0.0099325176265515,0.00022385608
2024-05-03,EFA,0.0068191027079242,0.00020255032
2024-05-06,EFA,0.0026393220077296,0.00020255032
2024-05-07,EFA,-0.0011302710039057,0.00022385608
2024-05-08,EFA,0.0076361019415777,0.0002053269
2024-05-09,EFA,0.0018686340954075,0.00020932898
2024-05-10,EFA,0.0,0.0002002521
2024-05-13,EFA,0.0074405906672621,0.00020532255
2024-05-14,EFA,0.0105691913425528,0.00020255032
2024-05-15,EFA,-0.0053935429898636,0.0002002521
2024-05-16,EFA,0.0034356100352833,0.00020532255
2024-05-17,EFA,0.0007346139775122,0.00020932898
2024-05-20,EFA,-0.0015924587802749,0.00020255032
2024-05-21,EFA,-0.0094845022290551,0.0002002521
2024-05-22,EFA,-0.005087203387332,0.00020255032
2024-05-23,EFA,0.0081764865225605,0.00022155787
2024-05-24,EFA,-0.0003702337724325,0.00020932898
2024-05-28,EFA,-0.0159248210463296,0.00020255032
2024-05-29,EFA,0.0083673402185529,0.00020255032
2024-05-30,EFA,0.0095303819549874,0.00021795544
2024-05-31,EFA,0.0028291891382315,0.00022155787
2024-06-03,EFA,-0.0012291829860869,0.0002002521
2024-06-04,EFA,0.0069857099888241,0.0002002521
2024-06-05,EFA,0.0034139245491955,0.00022385608
2024-06-06,EFA,-0.0108916342771169,0.0002002521
2024-06-07,EFA,-0.0007385991089046,0.0002002521
2024-06-10,EFA,-0.011428434113256,0.00020255032
2024-06-11,EFA,0.0117165390993877,0.00020255032
2024-06-12,EFA,-0.0143814336264124,0.00020255032
2024-06-13,EFA,-0.0111161216033626,0.0002002521
2024-06-14,EFA,0.0039750183324255,0.00021565723
2024-06-17,EFA,0.0039593786776323,0.00019854824
2024-06-18,EFA,0.0006371947093699,0.00022155787
2024-06-20,EFA,-0.0070310768038557,0.0002092552
2024-06-21,EFA,0.0079224284677965,0.00022385608
2024-06-24,EFA,0.0024153156185153,0.00022155787
2024-06-25,EFA,-0.0073914107128688,0.0002002521
2024-06-26,EFA,0.0007671058141667,0.00020255032
2024-06-27,EFA,0.0011497539579321,0.00020255032
2024-06-28,EFA,0.0017856746878307,0.00022385608
2024-07-01,EFA,0.0024183899100892,0.0002002521
2024-07-02,EFA,0.0113765859993083,0.0002041033
2024-07-03,EFA,0.0066396143968417,0.00022385608
2024-07-05,EFA,-0.0050068934234588,0.0002002521
2024-07-08,EFA,-0.0040236236071509,0.00020255032
2024-07-09,EFA,0.0140124663131195,0.0002002521
2024-07-10,EFA,0.0028534891543055,0.00020255032
2024-07-11,EFA,0.0105976971294178,0.00021432564
2024-07-12,EFA,-0.0088648478479811,0.00020532255
2024-07-15,EFA,0.0048115649543682,0.00022385608
2024-07-16,EFA,-0.0053064267673969,0.00022385608
2024-07-17,EFA,-0.009947853542697,0.00021032356
2024-07-18,EFA,-0.0061423025166445,0.0002053269
2024-07-19,EFA,0.0105067182446943,0.00020255032
2024-07-22,EFA,-0.0056148844782524,0.00022385608
2024-07-23,EFA,-0.01271806053712,0.00020255032
2024-07-24,EFA,-0.00635648985287,0.00022155787
2024-07-25,EFA,0.0126728298204947,0.00022385608
2024-07-26,EFA,-0.0044173920815435,0.00022385608
2024-07-29,EFA,0.0022741829473457,0.0002002521
2024-07-30,EFA,0.0140353915669499,0.00022385608
2024-07-31,EFA,-0.0268632956848608,0.00022155787
2024-08-01,EFA,-0.0158478483038409,0.000219854
2024-08-02,EFA,-0.0220597318789557,0.00019854824
2024-08-05,EFA,0.0017244501806565,0.00021395336
2024-08-06,EFA,0.0047600644414011,0.00020084645
2024-08-07,EFA,0.0166136587024462,0.00020755133
2024-08-08,EFA,0.0038844045415591,0.00022385608
2024-08-09,EFA,-0.0009049657196092,0.00022155787
2024-08-12,EFA,0.0170571280988105,0.00022155787
2024-08-13,EFA,0.0036809167397282,0.00020255032
2024-08-14,EFA,0.0120893403148014,0.0002002521
2024-08-15,EFA,0.0054925178099786,0.00020084645
2024-08-16,EFA,0.0121257796533161,0.00020932898
2024-08-19,EFA,-0.0030794358703315,0.00020255032
2024-08-20,EFA,0.0092099094904724,0.00019854824
2024-08-21,EFA,-0.0058844556601594,0.00020255032
2024-08-22,EFA,0.0181545355713619,0.0002092552
2024-08-23,EFA,-0.004477556076867,0.00020932898
2024-08-26,EFA,0.0045983765657786,0.00020255032
2024-08-27,EFA,-0.0035072984412424,0.0002002521
2024-08-28,EFA,0.0037487089519309,0.0002092552
2024-08-29,EFA,0.0015678425617246,0.00022385608
2024-08-30,EFA,-0.0159128632819338,0.00019854824
2024-09-03,EFA,-0.0044177638107342,0.000219854
2024-09-04,EFA,0.0002460179599812,0.00020255032
2024-09-05,EFA,-0.0189914119047798,0.00021885942
2024-09-06,EFA,0.0099750452620221,0.00020255032
2024-09-09,EFA,-0.0049751332044935,0.0002002521
2024-09-10,EFA,0.0059672156629365,0.00022385608
2024-09-11,EFA,0.0081471278596173,0.00022385608
2024-09-12,EFA,0.0023331591049577,0.00020255032
2024-09-13,EFA,0.0080626250655012,0.00022385608
2024-09-16,EFA,-0.0056124502182646,0.0002092552
2024-09-17,EFA,-0.003186314057279,0.00022385608
2024-09-18,EFA,0.019569129306697,0.00020932898
2024-09-19,EFA,-0.0099190144341698,0.00020255032
2024-09-20,EFA,0.0037614450612019,0.0002002521
2024-09-23,EFA,0.005916827260508,0.0002002521
2024-09-24,EFA,-0.0054325447101964,0.00022385608
2024-09-25,EFA,0.0217921175308136,0.0002002521
2024-09-26,EFA,-0.0060589054701189,0.00020361868
2024-09-27,EFA,-0.0034616650469713,0.00022385608
2024-09-30,EFA,-0.0074411112676732,0.00020255032
2024-10-01,EFA,-0.0020501665526812,0.0002092552
2024-10-02,EFA,-0.0093384266484203,0.00022385608
2024-10-03,EFA,0.0058316456525845,0.00019854824
2024-10-04,EFA,-0.0055879998509433,0.00022385608
2024-10-07,EFA,-0.0015848542197051,0.00021885942
2024-10-08,EFA,0.0002439727607931,0.00022385608
2024-10-09,EFA,-0.0012205539144376,0.0002002521
2024-10-10,EFA,0.005116420519872,0.00022155787
2024-10-11,EFA,0.0029118780716606,0.00020255032
2024-10-14,EFA,-0.0167373264405428,0.00022155787
2024-10-15,EFA,0.0025838114863811,0.00020640151
2024-10-16,EFA,0.0001228632264449,0.00021155342
2024-10-17,EFA,0.0067349019918019,0.00020255032
2024-10-18,EFA,-0.011908581003099,0.00020255032
2024-10-21,EFA,-0.0056972559526072,0.0002002521
2024-10-22,EFA,-0.0101118980361709,0.00022385608
2024-10-23,EFA,0.0056303398680543,0.0002092552
2024-10-24,EFA,-0.003374398410128,0.00020255032
2024-10-25,EFA,0.0079800513445437,0.00020255032
2024-10-28,EFA,-0.0036080032831918,0.00022385608
2024-10-29,EFA,-0.0065025366139935,0.00022385608
2024-10-30,EFA,-0.0061662642676689,0.00022385608
2024-10-31,EFA,0.0020176935789807,0.00021155342
2024-11-01,EFA,0.0007556110858693,0.00021885942
2024-11-04,EFA,0.0098954962168124,0.00020255032
2024-11-05,EFA,-0.0145640075721387,0.00021885942
2024-11-06,EFA,0.015062314893898,0.000219854
2024-11-07,EFA,-0.0139247208400518,0.00021565723
2024-11-08,EFA,0.0002526013261228,0.00020255032
2024-11-11,EFA,-0.0187398163993797,0.00020255032
2024-11-12,EFA,-0.0059369716599354,0.00019854824
2024-11-13,EFA,0.0020690946750402,0.00021565723
2024-11-14,EFA,-0.0036237801729517,0.00020755133
2024-11-15,EFA,0.0054306579871755,0.00022155787
2024-11-18,EFA,-0.0012904221586288,0.00020703077
2024-11-19,EFA,-0.0027150986117788,0.00022385608
2024-11-20,EFA,0.0002589796865584,0.00022385608
2024-11-21,EFA,0.0038753721119634,0.00020255032
2024-11-22,EFA,0.005144142233509,0.00021885942
2024-11-25,EFA,-0.0057889622740173,0.00020532255
2024-11-26,EFA,0.0054040061557485,0.0002002521
2024-11-27,EFA,0.0132571008820847,0.00020255032
2024-11-29,EFA,0.0027819742839159,0.00020255032
2024-12-02,EFA,0.0056664007111737,0.00019854824
2024-12-03,EFA,0.0007531452224138,0.00019854824
2024-12-04,EFA,0.0048814247777681,0.00022385608
2024-12-05,EFA,-0.0001248576342143,0.0002092552
2024-12-06,EFA,-0.0006246187502722,0.00020255032
2024-12-09,EFA,-0.0090373184135918,0.00020917374
2024-12-10,EFA,0.006284584021151,0.00020239943
2024-12-11,EFA,-0.0088095183681889,0.00020255032
2024-12-12,EFA,-0.002784791530342,0.00019854824
2024-12-13,EFA,-0.0033012094392077,0.0002002521
2024-12-16,EFA,-0.00158687586249,0.00020255032
2024-12-17,EFA,-0.0248377983473052,0.00022155787
2024-12-18,EFA,-0.0031818334174588,0.00020239943
2024-12-19,EFA,-0.0027923572430438,0.00021795544
2024-12-20,EFA,0.0065034124049481,0.00020255032
2024-12-23,EFA,0.00356559344944,0.0002002521
2024-12-24,EFA,0.0047343671547209,0.00020255032
2024-12-26,EFA,-0.0014442411626016,0.00022385608
2024-12-27,EFA,-0.0065911126560907,0.0002092552
2024-12-30,EFA,0.0,0.00021155342
2024-12-31,EFA,-0.0034446528205893,0.00021155342
2025-01-02,EFA,0.0043700239541177,0.00020932898
2025-01-03,EFA,0.0094687873686392,0.00020255032
2025-01-06,EFA,-0.0007857167986715,0.0002002521
2025-01-07,EFA,-0.0015730878848036,0.00022155787
2025-01-08,EFA,-0.0153361502804247,0.00019854824
2025-01-10,EFA,-0.0028016707009983,0.00019854824
2025-01-13,EFA,0.0036007809827869,0.00020755133
2025-01-14,EFA,0.0126985708420247,0.00021155342
2025-01-15,EFA,0.0051130807146721,0.00020255032
2025-01-16,EFA,0.0040456506546419,0.00020255032
2025-01-17,EFA,0.0199865210813685,0.00022155787
2025-01-21,EFA,-0.0023006183628204,0.00020255032
2025-01-22,EFA,0.0081560204849512,0.0002002521
2025-01-23,EFA,0.0055689604691871,0.00020255032
2025-01-24,EFA,0.0,0.00020932898
2025-01-27,EFA,-0.0012630224352682,0.00021032356
2025-01-28,EFA,-0.0001263128827706,0.00020084645
2025-01-29,EFA,0.010935878125924,0.00020255032
2025-01-30,EFA,-0.0094204052831524,0.00020640151
2025-01-31,EFA,-0.0118059172846875,0.00020255032
2025-02-03,EFA,0.0115535300161265,0.0002002521
2025-02-04,EFA,0.0096727925517134,0.00020255032
2025-02-05,EFA,0.0047394062443351,0.00020255032
2025-02-06,EFA,-0.0095012856315892,0.0002041033
2025-02-07,EFA,0.0067601773260954,0.00022155787
2025-02-10,EFA,0.0047298725557361,0.00022385608
2025-02-11,EFA,0.0037184357498213,0.00020755133
2025-02-12,EFA,0.0120512492843025,0.0002002521
2025-02-13,EFA,0.0014657721953465,0.00020255032
2025-02-14,EFA,0.0071754196442489,0.00022385608
2025-02-18,EFA,-0.0103539325727865,0.00020703077
2025-02-19,EFA,0.0046421397799572,0.0002002521
2025-02-20,EFA,-0.0062351461109177,0.00020687553
2025-02-21,EFA,-0.0006134215015661,0.0002053269
2025-02-24,EFA,0.0090399526890174,0.00020755133
2025-02-25,EFA,0.0013367320597853,0.00020239943
2025-02-26,EFA,-0.0113588112968798,0.00022385608
2025-02-27,EFA,0.0020859957648913,0.0002092552
2025-02-28,EFA,0.0109717240743653,0.00022155787
2025-03-03,EFA,-0.0002425642326048,0.00020755133
2025-03-04,EFA,0.0236094761198808,0.00020255032
2025-03-05,EFA,-0.0103578848249896,0.00020255032
2025-03-06,EFA,0.0103578848249895,0.000219854
2025-03-07,EFA,-0.0238520066593519,0.00020255032
2025-03-10,EFA,-0.0034021754433979,0.00021032356
2025-03-11,EFA,0.0071554040639714,0.00020255032
2025-03-12,EFA,-0.0066687493210461,0.00020084645
2025-03-13,EFA,0.0182031687989455,0.00022155787
2025-03-14,EFA,0.0111666928698127,0.00020255032
2025-03-17,EFA,-0.000118165706043,0.00022385608
2025-03-18,EFA,0.0029493326611238,0.0002092552
2025-03-19,EFA,-0.008398926592264,0.00020255032
2025-03-20,EFA,-0.0061963571799302,0.00022385608
2025-03-21,EFA,-0.0001195641137079,0.00019854824
2025-03-24,EFA,0.0054840275568702,0.00020255032
2025-03-25,EFA,-0.013043971041281,0.0002002521
2025-03-26,EFA,0.0021658089577285,0.00021032356
2025-03-27,EFA,-0.0089339949713111,0.00022385608
2025-03-28,EFA,-0.0088921435745757,0.00022155787
2025-03-31,EFA,0.0014671125732686,0.00020755133
