Date,VIX,VVIX
12/31/2013,13.72,70.83
1/2/2014,14.22999954,73.13999939
1/3/2014,13.76000023,70.02999878
1/6/2014,13.55000019,68.33000183
1/7/2014,12.92000008,68.33000183
1/8/2014,12.86999989,68.33000183
1/9/2014,12.89000034,68.33000183
1/10/2014,12.14000034,67.73999786
1/13/2014,13.27999973,75.70999908
1/14/2014,12.27999973,69.30999756
1/15/2014,12.27999973,69.55999756
1/16/2014,12.52999973,73.98000336
1/17/2014,12.43999958,75.72000122
1/21/2014,12.86999989,77.77999878
1/22/2014,12.84000015,74.45999908
1/23/2014,13.77000046,78.25
1/24/2014,18.13999939,97.70999908
1/27/2014,17.42000008,93.5
1/28/2014,15.80000019,83.95999908
1/29/2014,17.35000038,92.47000122
1/30/2014,17.29000092,92.34999847
1/31/2014,18.40999985,99.66000366
2/3/2014,21.44000053,106.7799988
2/4/2014,19.11000061,100.4000015
2/5/2014,19.95000076,102.8700027
2/6/2014,17.22999954,92.58000183
2/7/2014,15.28999996,83.16999817
2/10/2014,15.26000023,79.88999939
2/11/2014,14.51000023,78.63999939
2/12/2014,14.30000019,79.55999756
2/13/2014,14.14000034,78.41000366
2/14/2014,13.56999969,77.48999786
2/18/2014,13.86999989,75.81999969
2/19/2014,15.5,86.23000336
2/20/2014,14.78999996,79.83000183
2/21/2014,14.68000031,78.95999908
2/24/2014,14.22999954,77.83999634
2/25/2014,13.67000008,76.45999908
2/26/2014,14.35000038,79.41999817
2/27/2014,14.03999996,78.94000244
2/28/2014,14,81.44999695
3/3/2014,16,92.83999634
3/4/2014,14.10000038,82.13999939
3/5/2014,13.89000034,80.51999664
3/6/2014,14.21000004,79.55000305
3/7/2014,14.10999966,83.06999969
3/10/2014,14.19999981,82.34999847
3/11/2014,14.80000019,85.12000275
3/12/2014,14.47000027,83.44999695
3/13/2014,16.21999931,92.13999939
3/14/2014,17.81999969,97.11000061
3/17/2014,15.64000034,87.79000092
3/18/2014,14.52000046,81.88999939
3/19/2014,15.11999989,81.34999847
3/20/2014,14.52000046,77.02999878
3/21/2014,15,78.63999939
3/24/2014,15.09000015,77.29000092
3/25/2014,14.02000046,74.76999664
3/26/2014,14.93000031,76.26999664
3/27/2014,14.61999989,74.70999908
3/28/2014,14.40999985,74.86000061
3/31/2014,13.88000011,72.19999695
4/1/2014,13.10000038,67.51000214
4/2/2014,13.09000015,67.33000183
4/3/2014,13.36999989,67.73000336
4/4/2014,13.96000004,69.52999878
4/7/2014,15.56999969,74.51000214
4/8/2014,14.89000034,71.43000031
4/9/2014,13.81999969,69.19000244
4/10/2014,15.89000034,78.55999756
4/11/2014,17.03000069,83.94000244
4/14/2014,16.11000061,82.19999695
4/15/2014,15.60999966,80.66999817
4/16/2014,14.18000031,72.08000183
4/17/2014,13.35999966,70.08000183
4/21/2014,13.25,68.62000275
4/22/2014,13.18999958,66.73999786
4/23/2014,13.27000046,66.22000122
4/24/2014,13.31999969,68.75
4/25/2014,14.06000042,70.48999786
4/28/2014,13.97000027,67.62999725
4/29/2014,13.71000004,65.47000122
4/30/2014,13.40999985,64.48999786
5/1/2014,13.25,64.5
5/2/2014,12.90999985,64.54000092
5/5/2014,13.28999996,64.40000153
5/6/2014,13.80000019,64.93000031
5/7/2014,13.39999962,62.63999939
5/8/2014,13.43000031,62.15999985
5/9/2014,12.92000008,61.75999832
5/12/2014,12.22999954,61.75999832
5/13/2014,12.13000011,61.75999832
5/14/2014,12.17000008,69.02999878
5/15/2014,13.17000008,71.59999847
5/16/2014,12.43999958,68.72000122
5/19/2014,12.42000008,67.58000183
5/20/2014,12.96000004,68.76999664
5/21/2014,11.90999985,66.55999756
5/22/2014,12.02999973,68.05999756
5/23/2014,11.35999966,66.86000061
5/27/2014,11.51000023,64.94999695
5/28/2014,11.68000031,67.37000275
5/29/2014,11.56999969,66.93000031
5/30/2014,11.39999962,67.94999695
6/2/2014,11.57999992,68.76000214
6/3/2014,11.86999989,68.19000244
6/4/2014,12.07999992,67.66999817
6/5/2014,11.68000031,65.47000122
6/6/2014,10.72999954,67.08000183
6/9/2014,11.14999962,70.87999725
6/10/2014,10.98999977,70.5
6/11/2014,11.60000038,74.20999908
6/12/2014,12.56000042,79.97000122
6/13/2014,12.18000031,79.80999756
6/16/2014,12.64999962,81.5
6/17/2014,12.06000042,78.41000366
6/18/2014,10.60999966,71.76000214
6/19/2014,10.61999989,73.41000366
6/20/2014,10.85000038,73.33000183
6/23/2014,10.97999954,72.58000183
6/24/2014,12.13000011,75.23999786
6/25/2014,11.59000015,72.30999756
6/26/2014,11.63000011,72.86000061
6/27/2014,11.26000023,72.72000122
6/30/2014,11.56999969,71.55999756
7/1/2014,11.14999962,69.27999878
7/2/2014,10.81999969,68.15000153
7/3/2014,10.31999969,68.34999847
7/7/2014,11.32999992,71.66000366
7/8/2014,11.97999954,73.20999908
7/9/2014,11.64999962,76.27999878
7/10/2014,12.59000015,82.13999939
7/11/2014,12.07999992,79.91000366
7/14/2014,11.81999969,77.29000092
7/15/2014,11.96000004,78.91999817
7/16/2014,11,75.80999756
7/17/2014,14.53999996,89.95999908
7/18/2014,12.06000042,80.37000275
7/21/2014,12.81000042,81.41000366
7/22/2014,12.23999977,75.22000122
7/23/2014,11.52000046,76.63999939
7/24/2014,11.84000015,77.66000366
7/25/2014,12.68999958,81.08000183
7/28/2014,12.56000042,81.20999908
7/29/2014,13.27999973,81.72000122
7/30/2014,13.32999992,83.58000183
7/31/2014,16.95000076,97.41999817
8/1/2014,17.03000069,101.1100006
8/4/2014,15.11999989,93.12000275
8/5/2014,16.87000084,98.31999969
8/6/2014,16.37000084,96.37999725
8/7/2014,16.65999985,97.40000153
8/8/2014,15.77000046,91.83999634
8/11/2014,14.22999954,87.54000092
8/12/2014,14.13000011,85.98000336
8/13/2014,12.89999962,81.26999664
8/14/2014,12.42000008,78.48000336
8/15/2014,13.14999962,82.19999695
8/18/2014,12.31999969,81.01999664
8/19/2014,12.21000004,80.83999634
8/20/2014,11.77999973,79.90000153
8/21/2014,11.76000023,79.61000061
8/22/2014,11.47000027,79.58000183
8/25/2014,11.69999981,79.33000183
8/26/2014,11.63000011,79.38999939
8/27/2014,11.77999973,78.84999847
8/28/2014,12.05000019,80.52999878
8/29/2014,12.09000015,81.11000061
9/2/2014,12.25,82.41000366
9/3/2014,12.35999966,80.76999664
9/4/2014,12.64000034,79.98999786
9/5/2014,12.09000015,77.33000183
9/8/2014,12.65999985,77.83999634
9/9/2014,13.5,79.30000305
9/10/2014,12.88000011,82.12000275
9/11/2014,12.80000019,83.09999847
9/12/2014,13.31000042,89.25
9/15/2014,14.11999989,91.58000183
9/16/2014,12.72999954,84.51999664
9/17/2014,12.64999962,81.51999664
9/18/2014,12.02999973,77.47000122
9/19/2014,12.10999966,77.69999695
9/22/2014,13.68999958,87.41000366
9/23/2014,14.93000031,91.90000153
9/24/2014,13.27000046,86.20999908
9/25/2014,15.64000034,96.72000122
9/26/2014,14.85000038,90.62999725
9/29/2014,15.97999954,95.01999664
9/30/2014,16.30999947,92.47000122
10/1/2014,16.70999908,98.12000275
10/2/2014,16.15999985,93.75
10/3/2014,14.55000019,87.76999664
10/6/2014,15.46000004,88.73000336
10/7/2014,17.20000076,99.19999695
10/8/2014,15.10999966,89.08000183
10/9/2014,18.76000023,102.1299973
10/10/2014,21.23999977,113.3799973
10/13/2014,24.63999939,131.5700073
10/14/2014,22.79000092,120.6100006
10/15/2014,25.27000046,129.0099945
10/16/2014,25.20000076,121.9400024
10/17/2014,21.98999977,118.8399963
10/20/2014,18.56999969,108.8300018
10/21/2014,16.07999992,104.0899963
10/22/2014,17.87000084,108.8199997
10/23/2014,16.53000069,102.0500031
10/24/2014,16.11000061,104.3799973
10/27/2014,16.04000092,100.75
10/28/2014,14.39000034,95.88999939
10/29/2014,15.14999962,99.33999634
10/30/2014,14.52000046,98.51999664
10/31/2014,14.02999973,94.09999847
11/3/2014,14.72999954,93.19000244
11/4/2014,14.89000034,92.44000244
11/5/2014,14.17000008,87.08000183
11/6/2014,13.67000008,83.41999817
11/7/2014,13.11999989,80.44000244
11/10/2014,12.67000008,79.69999695
11/11/2014,12.92000008,79.79000092
11/12/2014,13.02000046,83.09999847
11/13/2014,13.78999996,86.29000092
11/14/2014,13.31000042,85.58000183
11/17/2014,13.98999977,84.79000092
11/18/2014,13.85999966,82.59999847
11/19/2014,13.96000004,81.05999756
11/20/2014,13.57999992,79.13999939
11/21/2014,12.89999962,79.33999634
11/24/2014,12.61999989,79.25
11/25/2014,12.25,77.93000031
11/26/2014,12.06999969,77.04000092
11/28/2014,13.32999992,79.83999634
12/1/2014,14.15999985,86.83999634
12/2/2014,12.85000038,83.47000122
12/3/2014,12.5,86.44999695
12/4/2014,12.38000011,85.16999817
12/5/2014,11.89000034,85.41000366
12/8/2014,14.21000004,94.44999695
12/9/2014,15.35000038,97.12999725
12/10/2014,18.53000069,117.3199997
12/11/2014,20.07999992,132.3999939
12/12/2014,21.07999992,138.6000061
12/15/2014,20.42000008,128.2200012
12/16/2014,23.56999969,132.9400024
12/17/2014,19.44000053,114.3700027
12/18/2014,16.80999947,107.2399979
12/19/2014,16.48999977,99.16999817
12/22/2014,15.25,99.69000244
12/23/2014,14.80000019,94.73000336
12/24/2014,14.36999989,95.29000092
12/26/2014,14.5,92.27999878
12/29/2014,15.06000042,94.86000061
12/30/2014,15.92000008,97.83999634
12/31/2014,19.20000076,113.0800018
1/2/2015,17.79000092,112.5500031
1/5/2015,19.92000008,121.8700027
1/6/2015,21.12000084,118.4499969
1/7/2015,19.30999947,107.6900024
1/8/2015,17.01000023,98.44000244
1/9/2015,17.54999924,103.7699966
1/12/2015,19.60000038,109.0400009
1/13/2015,20.55999947,109.2200012
1/14/2015,21.47999954,113.5
1/15/2015,22.38999939,117.0699997
1/16/2015,20.95000076,111.3199997
1/20/2015,19.88999939,108.4000015
1/21/2015,18.85000038,98.62000275
1/22/2015,16.39999962,93.25
1/23/2015,16.65999985,96.33000183
1/26/2015,15.52000046,91.94000244
1/27/2015,17.21999931,96.11000061
1/28/2015,20.44000053,108.6800003
1/29/2015,18.76000023,100.6999969
1/30/2015,20.96999931,108.9899979
2/2/2015,19.43000031,106.7399979
2/3/2015,17.32999992,101.0299988
2/4/2015,18.32999992,103.7399979
2/5/2015,16.85000038,98.55999756
2/6/2015,17.29000092,101.6900024
2/9/2015,18.54999924,104.1900024
2/10/2015,17.22999954,97.33000183
2/11/2015,16.95999908,98.73000336
2/12/2015,15.34000015,93.23999786
2/13/2015,14.68999958,92.73999786
2/17/2015,15.80000019,92.94999695
2/18/2015,15.44999981,89.37999725
2/19/2015,15.28999996,87.59999847
2/20/2015,14.30000019,85.77999878
2/23/2015,14.56000042,86.12999725
2/24/2015,13.68999958,82.65000153
2/25/2015,13.84000015,86.56999969
2/26/2015,13.90999985,86.93000031
2/27/2015,13.34000015,85.23000336
3/2/2015,13.03999996,81.83999634
3/3/2015,13.85999966,85.05000305
3/4/2015,14.22999954,84.09999847
3/5/2015,14.03999996,81.26000214
3/6/2015,15.19999981,86.87999725
3/9/2015,15.06000042,85.55000305
3/10/2015,16.69000053,91.88999939
3/11/2015,16.87000084,97.27999878
3/12/2015,15.42000008,89.48000336
3/13/2015,16,93.12000275
3/16/2015,15.60999966,90.54000092
3/17/2015,15.65999985,88.25
3/18/2015,13.97000027,81.22000122
3/19/2015,14.06999969,81.61000061
3/20/2015,13.02000046,80.48999786
3/23/2015,13.40999985,79.98000336
3/24/2015,13.61999989,80.04000092
3/25/2015,15.43999958,83.51999664
3/26/2015,15.80000019,87.02999878
3/27/2015,15.06999969,86.5
3/30/2015,14.51000023,82.16000366
3/31/2015,15.28999996,84.01000214
4/1/2015,15.10999966,82.81999969
4/2/2015,14.67000008,80.20999908
4/6/2015,14.73999977,80.30000305
4/7/2015,14.77999973,79.69999695
4/8/2015,13.97999954,84.76000214
4/9/2015,13.09000015,80.70999908
4/10/2015,12.57999992,78.91000366
4/13/2015,13.93999958,83.80000305
4/14/2015,13.67000008,81.91000366
4/15/2015,12.84000015,79.83000183
4/16/2015,12.60000038,79.77999878
4/17/2015,13.89000034,85.97000122
4/20/2015,13.30000019,81.48000336
4/21/2015,13.25,81.29000092
4/22/2015,12.71000004,79.69999695
4/23/2015,12.47999954,78.16999817
4/24/2015,12.28999996,76.43000031
4/27/2015,13.11999989,81.22000122
4/28/2015,12.40999985,77.68000031
4/29/2015,13.39000034,82.26999664
4/30/2015,14.55000019,87.08000183
5/1/2015,12.69999981,79.63999939
5/4/2015,12.85000038,78.55999756
5/5/2015,14.31000042,84.44999695
5/6/2015,15.14999962,90.80000305
5/7/2015,15.13000011,89.20999908
5/8/2015,12.85999966,79.44000244
5/11/2015,13.85000038,83.11000061
5/12/2015,13.85999966,84.63999939
5/13/2015,13.76000023,84.44999695
5/14/2015,12.73999977,82.33999634
5/15/2015,12.38000011,80.93000031
5/18/2015,12.72999954,82.05999756
5/19/2015,12.85000038,77.52999878
5/20/2015,12.88000011,77.02999878
5/21/2015,12.10999966,73.18000031
5/22/2015,12.13000011,75.98000336
5/26/2015,14.06000042,81.94000244
5/27/2015,13.27000046,77.79000092
5/28/2015,13.31000042,77.34999847
5/29/2015,13.84000015,79.06999969
6/1/2015,13.97000027,78.88999939
6/2/2015,14.23999977,80.61000061
6/3/2015,13.65999985,79.26999664
6/4/2015,14.71000004,87.98999786
6/5/2015,14.21000004,84.09999847
6/8/2015,15.28999996,86.5
6/9/2015,14.47000027,84.33999634
6/10/2015,13.22000027,81.59999847
6/11/2015,12.85000038,79.52999878
6/12/2015,13.77999973,85.55000305
6/15/2015,15.39000034,96.12000275
6/16/2015,14.81000042,95.95999908
6/17/2015,14.5,93.19000244
6/18/2015,13.18999958,89.19999695
6/19/2015,13.96000004,92.16000366
6/22/2015,12.73999977,83.87000275
6/23/2015,12.10999966,78.84999847
6/24/2015,13.26000023,82.52999878
6/25/2015,14.01000023,83.51000214
6/26/2015,14.02000046,83.08999634
6/29/2015,18.85000038,117
6/30/2015,18.22999954,110.1699982
7/1/2015,16.09000015,97.59999847
7/2/2015,16.79000092,105.1399994
7/6/2015,17.01000023,105.9700012
7/7/2015,16.09000015,99.34999847
7/8/2015,19.65999985,111.6699982
7/9/2015,19.96999931,115.3600006
7/10/2015,16.82999992,101.1900024
7/13/2015,13.89999962,85.94999695
7/14/2015,13.36999989,87.34999847
7/15/2015,13.22999954,90.80999756
7/16/2015,12.10999966,87.12000275
7/17/2015,11.94999981,85.31999969
7/20/2015,12.25,84.37999725
7/21/2015,12.22000027,82.55999756
7/22/2015,12.11999989,78.88999939
7/23/2015,12.64000034,81.63999939
7/24/2015,13.73999977,88.36000061
7/27/2015,15.60000038,97.31999969
7/28/2015,13.43999958,84.76999664
7/29/2015,12.5,82.94000244
7/30/2015,12.13000011,80.65000153
7/31/2015,12.11999989,81.76999664
8/3/2015,12.56000042,79.43000031
8/4/2015,13,80.81999969
8/5/2015,12.51000023,80.09999847
8/6/2015,13.77000046,84.36000061
8/7/2015,13.39000034,82.56999969
8/10/2015,12.22999954,80.20999908
8/11/2015,13.71000004,85.22000122
8/12/2015,13.60999966,88.12999725
8/13/2015,13.48999977,88.36000061
8/14/2015,12.82999992,89.37999725
8/17/2015,13.02000046,87.34999847
8/18/2015,13.78999996,88.83999634
8/19/2015,15.25,91.83999634
8/20/2015,19.13999939,108.75
8/21/2015,28.03000069,138.5700073
8/24/2015,40.74000168,168.75
8/25/2015,36.02000046,152.4199982
8/26/2015,30.31999969,134.3099976
8/27/2015,26.10000038,128.5899963
8/28/2015,26.04999924,127.1800003
8/31/2015,28.43000031,127.2799988
9/1/2015,31.39999962,128.9400024
9/2/2015,26.09000015,114.4300003
9/3/2015,25.61000061,118.1600037
9/4/2015,27.79999924,123.1500015
9/8/2015,24.89999962,117.6200027
9/9/2015,26.22999954,131.3000031
9/10/2015,24.37000084,127.0599976
9/11/2015,23.20000076,119.0899963
9/14/2015,24.25,118.0100021
9/15/2015,22.54000092,109.3399963
9/16/2015,21.35000038,107.0199966
9/17/2015,21.13999939,118.0899963
9/18/2015,22.28000069,116.2600021
9/21/2015,20.13999939,103.4000015
9/22/2015,22.44000053,111.3600006
9/23/2015,22.12999916,105.8600006
9/24/2015,23.46999931,110.1200027
9/25/2015,23.62000084,110.5400009
9/28/2015,27.62999916,115.3099976
9/29/2015,26.82999992,110.9899979
9/30/2015,24.5,103.2799988
10/1/2015,22.54999924,98.26999664
10/2/2015,20.94000053,95.06999969
10/5/2015,19.54000092,92.29000092
10/6/2015,19.39999962,92.45999908
10/7/2015,18.39999962,89.43000031
10/8/2015,17.42000008,88.41999817
10/9/2015,17.07999992,89.08000183
10/12/2015,16.17000008,88.26999664
10/13/2015,17.67000008,98.34999847
10/14/2015,18.03000069,102.2900009
10/15/2015,16.04999924,96.61000061
10/16/2015,15.05000019,97.58000183
10/19/2015,14.97999954,94.37999725
10/20/2015,15.75,97.11000061
10/21/2015,16.70000076,106.0199966
10/22/2015,14.44999981,97.06999969
10/23/2015,14.46000004,97.20999908
10/26/2015,15.28999996,98.09999847
10/27/2015,15.43000031,95.20999908
10/28/2015,14.32999992,88.27999878
10/29/2015,14.60999966,88.59999847
10/30/2015,15.06999969,90.26999664
11/2/2015,14.14999962,86.75
11/3/2015,14.53999996,87.33999634
11/4/2015,15.51000023,89.45999908
11/5/2015,15.05000019,87.68000031
11/6/2015,14.32999992,85.02999878
11/9/2015,16.52000046,92.97000122
11/10/2015,15.28999996,86.95999908
11/11/2015,16.05999947,91.25
11/12/2015,18.37000084,98.19000244
11/13/2015,20.07999992,106.0599976
11/16/2015,18.15999985,96.70999908
11/17/2015,18.84000015,100.3700027
11/18/2015,16.85000038,93.47000122
11/19/2015,16.98999977,96.18000031
11/20/2015,15.47000027,90.79000092
11/23/2015,15.61999989,88.55000305
11/24/2015,15.93000031,89.63999939
11/25/2015,15.18999958,86.13999939
11/27/2015,15.11999989,88.34999847
11/30/2015,16.12999916,90.83999634
12/1/2015,14.67000008,87.31999969
12/2/2015,15.90999985,92.94000244
12/3/2015,18.11000061,101.8000031
12/4/2015,14.81000042,89.19000244
12/7/2015,15.84000015,94.30000305
12/8/2015,17.60000038,99.16000366
12/9/2015,19.61000061,113.8300018
12/10/2015,19.34000015,113.8000031
12/11/2015,24.38999939,131.0899963
12/14/2015,22.72999954,122.2200012
12/15/2015,20.95000076,114.3700027
12/16/2015,17.86000061,108.9300003
12/17/2015,18.94000053,113.5199966
12/18/2015,20.70000076,118.3199997
12/21/2015,18.70000076,109.4400024
12/22/2015,16.60000038,100.9100037
12/23/2015,15.56999969,99.61000061
12/24/2015,15.73999977,99.87999725
12/28/2015,16.90999985,99.23999786
12/29/2015,16.07999992,95.12999725
12/30/2015,17.29000092,100.8199997
12/31/2015,18.20999908,100.1999969
1/4/2016,20.70000076,107.6900024
1/5/2016,19.34000015,101.8399963
1/6/2016,20.59000015,103.0599976
1/7/2016,24.98999977,116.5500031
1/8/2016,27.01000023,116.4599991
1/11/2016,24.29999924,109.6299973
1/12/2016,22.46999931,104.5199966
1/13/2016,25.21999931,117.1399994
1/14/2016,23.95000076,110.0699997
1/15/2016,27.02000046,116.4100037
1/19/2016,26.04999924,113.7600021
1/20/2016,27.59000015,112.8799973
1/21/2016,26.69000053,108.3799973
1/22/2016,22.34000015,98.91999817
1/25/2016,24.14999962,102.8799973
1/26/2016,22.5,98.40000153
1/27/2016,23.11000061,100.0400009
1/28/2016,22.42000008,96.55999756
1/29/2016,20.20000076,89.94999695
2/1/2016,19.97999954,89.65000153
2/2/2016,21.97999954,97.59999847
2/3/2016,21.64999962,97.31999969
2/4/2016,21.84000015,95.22000122
2/5/2016,23.37999916,100.5500031
2/8/2016,26,104.5299988
2/9/2016,26.54000092,103.0599976
2/10/2016,26.29000092,106.1900024
2/11/2016,28.13999939,107.2099991
2/12/2016,25.39999962,103.25
2/16/2016,24.11000061,94.19999695
2/17/2016,22.30999947,88.95999908
2/18/2016,21.63999939,87.52999878
2/19/2016,20.53000069,86.25
2/22/2016,19.37999916,86.19000244
2/23/2016,20.97999954,89.66999817
2/24/2016,20.71999931,86.73999786
2/25/2016,19.11000061,83.51000214
2/26/2016,19.80999947,83.72000122
2/29/2016,20.54999924,85.05999756
3/1/2016,17.70000076,79.44999695
3/2/2016,17.09000015,78.83999634
3/3/2016,16.70000076,79.41000366
3/4/2016,16.86000061,81.97000122
3/7/2016,17.35000038,82.30000305
3/8/2016,18.67000008,87.45999908
3/9/2016,18.34000015,92.86000061
3/10/2016,18.04999924,94.76999664
3/11/2016,16.5,92.34999847
3/14/2016,16.92000008,89.73999786
3/15/2016,16.84000015,90.33999634
3/16/2016,14.98999977,84.37000275
3/17/2016,14.43999958,84.70999908
3/18/2016,14.02000046,86.19999695
3/21/2016,13.78999996,87.77999878
3/22/2016,14.17000008,85.04000092
3/23/2016,14.93999958,86.05999756
3/24/2016,14.73999977,84.19999695
3/28/2016,15.23999977,83.29000092
3/29/2016,13.81999969,81.38999939
3/30/2016,13.56000042,80.33000183
3/31/2016,13.94999981,82.94000244
4/1/2016,13.10000038,81.56999969
4/4/2016,14.11999989,84.43000031
4/5/2016,15.42000008,89.11000061
4/6/2016,14.09000015,85.58999634
4/7/2016,16.15999985,92.73999786
4/8/2016,15.35999966,89.73000336
4/11/2016,16.26000023,92.80999756
4/12/2016,14.85000038,89.77999878
4/13/2016,13.84000015,87.88999939
4/14/2016,13.72000027,87.91999817
4/15/2016,13.61999989,90.26999664
4/18/2016,13.35000038,86.56999969
4/19/2016,13.23999977,86.98000336
4/20/2016,13.27999973,87.97000122
4/21/2016,13.94999981,87.06999969
4/22/2016,13.22000027,84.09999847
4/25/2016,14.07999992,85.76999664
4/26/2016,13.96000004,84.51000214
4/27/2016,13.77000046,83.09999847
4/28/2016,15.22000027,87.36000061
4/29/2016,15.69999981,91.68000031
5/2/2016,14.68000031,89.48999786
5/3/2016,15.60000038,91.66000366
5/4/2016,16.04999924,91.86000061
5/5/2016,15.90999985,91.58000183
5/6/2016,14.72000027,88.86000061
5/9/2016,14.56999969,86.41999817
5/10/2016,13.63000011,85.91999817
5/11/2016,14.68999958,91.52999878
5/12/2016,14.40999985,91.25
5/13/2016,15.03999996,94
5/16/2016,14.68000031,90.61000061
5/17/2016,15.56999969,91.76000214
5/18/2016,15.94999981,89.98999786
5/19/2016,16.32999992,90.45999908
5/20/2016,15.19999981,85.45999908
5/23/2016,15.81999969,84.12000275
5/24/2016,14.42000008,79.48000336
5/25/2016,13.89999962,78.54000092
5/26/2016,13.43000031,77.48000336
5/27/2016,13.11999989,76.16999817
5/31/2016,14.18999958,79.43000031
6/1/2016,14.19999981,78.93000031
6/2/2016,13.63000011,79.54000092
6/3/2016,13.47000027,79.08000183
6/6/2016,13.64999962,80.70999908
6/7/2016,14.05000019,82.30000305
6/8/2016,14.07999992,86.61000061
6/9/2016,14.64000034,89.98000336
6/10/2016,17.03000069,103.7799988
6/13/2016,20.96999931,124.5599976
6/14/2016,20.5,116.4400024
6/15/2016,20.13999939,114.2300034
6/16/2016,19.37000084,115.4700012
6/17/2016,19.40999985,115.7200012
6/20/2016,18.37000084,112.4000015
6/21/2016,18.47999954,113.4599991
6/22/2016,21.17000008,122.9400024
6/23/2016,17.25,104.7099991
6/24/2016,25.76000023,125.1299973
6/27/2016,23.85000038,115.5999985
6/28/2016,18.75,108
6/29/2016,16.63999939,98.59999847
6/30/2016,15.63000011,94.23000336
7/1/2016,14.77000046,91.69999695
7/5/2016,15.57999992,91.84999847
7/6/2016,14.96000004,89.23999786
7/7/2016,14.76000023,89.5
7/8/2016,13.19999981,84.72000122
7/11/2016,13.53999996,84.77999878
7/12/2016,13.55000019,84.98000336
7/13/2016,13.03999996,84.18000031
7/14/2016,12.81999969,86.02999878
7/15/2016,12.67000008,89.04000092
7/18/2016,12.43999958,87.19999695
7/19/2016,11.97000027,89.02999878
7/20/2016,11.77000046,87.08999634
7/21/2016,12.73999977,92.83999634
7/22/2016,12.02000046,89.51000214
7/25/2016,12.86999989,91.94999695
7/26/2016,13.05000019,91.44000244
7/27/2016,12.82999992,91.23000336
7/28/2016,12.72000027,89.80999756
7/29/2016,11.86999989,90.83999634
8/1/2016,12.43999958,90.68000031
8/2/2016,13.36999989,93.88999939
8/3/2016,12.85999966,88.58999634
8/4/2016,12.42000008,88.13999939
8/5/2016,11.39000034,85.23000336
8/8/2016,11.5,84.5
8/9/2016,11.65999985,86.65000153
8/10/2016,12.05000019,89.40000153
8/11/2016,11.68000031,97.36000061
8/12/2016,11.55000019,94.48999786
8/15/2016,11.81000042,91.66999817
8/16/2016,12.64000034,91.86000061
8/17/2016,12.18999958,84.83999634
8/18/2016,11.43000031,82.83000183
8/19/2016,11.34000015,82.44000244
8/22/2016,12.27000046,83.12999725
8/23/2016,12.38000011,83.44999695
8/24/2016,13.44999981,85.37000275
8/25/2016,13.63000011,85.43000031
8/26/2016,13.64999962,88.62000275
8/29/2016,12.93999958,85.83000183
8/30/2016,13.11999989,84.44000244
8/31/2016,13.42000008,84.87000275
9/1/2016,13.47999954,84.90000153
9/2/2016,11.97999954,81.34999847
9/6/2016,12.02000046,82.13999939
9/7/2016,11.93999958,83.08000183
9/8/2016,12.51000023,85.56999969
9/9/2016,17.5,110.0199966
9/12/2016,15.15999985,99.52999878
9/13/2016,17.85000038,110.0199966
9/14/2016,18.13999939,113.1500015
9/15/2016,16.29999924,109.2699966
9/16/2016,15.36999989,102.5899963
9/19/2016,15.52999973,101.5800018
9/20/2016,15.92000008,101.9800034
9/21/2016,13.30000019,92.58999634
9/22/2016,12.02000046,89.22000122
9/23/2016,12.28999996,90.40000153
9/26/2016,14.5,96.23999786
9/27/2016,13.10000038,88.94000244
9/28/2016,12.39000034,87.55000305
9/29/2016,14.02000046,93.77999878
9/30/2016,13.28999996,91.41999817
10/3/2016,13.56999969,91.51000214
10/4/2016,13.63000011,89.94000244
10/5/2016,12.98999977,89.87999725
10/6/2016,12.84000015,89.86000061
10/7/2016,13.47999954,90.86000061
10/10/2016,13.38000011,90.66000366
10/11/2016,15.35999966,95.43000031
10/12/2016,15.90999985,102.0199966
10/13/2016,16.69000053,103.4000015
10/14/2016,16.12000084,101.0100021
10/17/2016,16.20999908,99.33999634
10/18/2016,15.27999973,96.87000275
10/19/2016,14.40999985,93.90000153
10/20/2016,13.75,89.72000122
10/21/2016,13.34000015,87.33999634
10/24/2016,13.02000046,85.80999756
10/25/2016,13.46000004,86.23000336
10/26/2016,14.23999977,86.90000153
10/27/2016,15.35999966,91.20999908
10/28/2016,16.19000053,99.44000244
10/31/2016,17.05999947,102.8199997
11/1/2016,18.55999947,108.2600021
11/2/2016,19.31999969,112.3899994
11/3/2016,22.07999992,120.2399979
11/4/2016,22.51000023,120.2300034
11/7/2016,18.70999908,107.8399963
11/8/2016,18.73999977,108.6699982
11/9/2016,14.38000011,96.13999939
11/10/2016,14.73999977,102.6699982
11/11/2016,14.17000008,97.22000122
11/14/2016,14.47999954,98.22000122
11/15/2016,13.36999989,91.76999664
11/16/2016,13.72000027,92.44999695
11/17/2016,13.35000038,87.58000183
11/18/2016,12.85000038,86.40000153
11/21/2016,12.42000008,80.75
11/22/2016,12.40999985,83.40000153
11/23/2016,12.43000031,82.44999695
11/25/2016,12.34000015,82.65000153
11/28/2016,13.14999962,86.16999817
11/29/2016,12.89999962,86.27999878
11/30/2016,13.32999992,88.98999786
12/1/2016,14.06999969,97.79000092
12/2/2016,14.11999989,98.06999969
12/5/2016,12.14000034,88.87999725
12/6/2016,11.78999996,88.12000275
12/7/2016,12.22000027,89.11000061
12/8/2016,12.64000034,91.26999664
12/9/2016,11.75,89.40000153
12/12/2016,12.64000034,91.87000275
12/13/2016,12.72000027,93.31999969
12/14/2016,13.18999958,96.81999969
12/15/2016,12.78999996,93.08000183
12/16/2016,12.19999981,93.79000092
12/19/2016,11.71000004,90.51000214
12/20/2016,11.44999981,88.26000214
12/21/2016,11.27000046,87.97000122
12/22/2016,11.43000031,89.72000122
12/23/2016,11.43999958,87.63999939
12/27/2016,11.98999977,86.37000275
12/28/2016,12.94999981,89.16999817
12/29/2016,13.36999989,88.87000275
12/30/2016,14.03999996,91.59999847
1/3/2017,12.85000038,85.37000275
1/4/2017,11.85000038,82.26999664
1/5/2017,11.67000008,81.33000183
1/6/2017,11.31999969,80.58999634
1/9/2017,11.56000042,83.47000122
1/10/2017,11.48999977,86.36000061
1/11/2017,11.26000023,86.72000122
1/12/2017,11.53999996,90.44000244
1/13/2017,11.22999954,92.90000153
1/17/2017,11.86999989,92.38999939
1/18/2017,12.47999954,87.05999756
1/19/2017,12.77999973,86.83999634
1/20/2017,11.53999996,83.62999725
1/23/2017,11.77000046,84.51000214
1/24/2017,11.06999969,79.05000305
1/25/2017,10.81000042,78.66000366
1/26/2017,10.63000011,79.65000153
1/27/2017,10.57999992,83.62999725
1/30/2017,11.88000011,92.04000092
1/31/2017,11.98999977,89.83000183
2/1/2017,11.81000042,87.75
2/2/2017,11.93000031,89.73000336
2/3/2017,10.97000027,88.97000122
2/6/2017,11.36999989,90.01999664
2/7/2017,11.28999996,89.61000061
2/8/2017,11.44999981,94.58000183
2/9/2017,10.88000011,89.58999634
2/10/2017,10.85000038,85.76999664
2/13/2017,11.06999969,80.83999634
2/14/2017,10.73999977,78.34999847
2/15/2017,11.97000027,81.12000275
2/16/2017,11.76000023,79.66000366
2/17/2017,11.48999977,81.25
2/21/2017,11.56999969,82.44999695
2/22/2017,11.73999977,81.52999878
2/23/2017,11.71000004,82.19999695
2/24/2017,11.47000027,83.30999756
2/27/2017,12.09000015,85.69000244
2/28/2017,12.92000008,88.08000183
3/1/2017,12.53999996,84.02999878
3/2/2017,11.81000042,83.61000061
3/3/2017,10.96000004,81.19000244
3/6/2017,11.23999977,81.44000244
3/7/2017,11.44999981,81.43000031
3/8/2017,11.85999966,82.5
3/9/2017,12.30000019,83.63999939
3/10/2017,11.65999985,80.26999664
3/13/2017,11.35000038,81.56999969
3/14/2017,12.30000019,85.87999725
3/15/2017,11.63000011,80.76000214
3/16/2017,11.21000004,75.95999908
3/17/2017,11.27999973,78.66000366
3/20/2017,11.34000015,77.16000366
3/21/2017,12.47000027,83.01999664
3/22/2017,12.81000042,83.80000305
3/23/2017,13.11999989,88.93000031
3/24/2017,12.96000004,89.73999786
3/27/2017,12.5,84.86000061
3/28/2017,11.52999973,79.26999664
3/29/2017,11.42000008,78.26000214
3/30/2017,11.53999996,77.87000275
3/31/2017,12.36999989,78.30999756
4/3/2017,12.38000011,82.95999908
4/4/2017,11.78999996,79.66999817
4/5/2017,12.89000034,86.58999634
4/6/2017,12.39000034,83.91000366
4/7/2017,12.86999989,89.38999939
4/10/2017,14.05000019,97.90000153
4/11/2017,15.06999969,103.7399979
4/12/2017,15.77000046,111.5299988
4/13/2017,15.96000004,115.5400009
4/17/2017,14.65999985,101.4899979
4/18/2017,14.42000008,99.51999664
4/19/2017,14.93000031,97.88999939
4/20/2017,14.14999962,94.52999878
4/21/2017,14.63000011,95.41000366
4/24/2017,10.84000015,78.16999817
4/25/2017,10.76000023,75.63999939
4/26/2017,10.85000038,76.63999939
4/27/2017,10.35999966,76.66000366
4/28/2017,10.81999969,77.08999634
5/1/2017,10.10999966,78.33000183
5/2/2017,10.59000015,79.33000183
5/3/2017,10.68000031,78.76999664
5/4/2017,10.46000004,78
5/5/2017,10.56999969,80.65000153
5/8/2017,9.770000458,81.37999725
5/9/2017,9.960000038,83.62999725
5/10/2017,10.21000004,87.48999786
5/11/2017,10.60000038,86.51000214
5/12/2017,10.39999962,82.5
5/15/2017,10.42000008,79.52999878
5/16/2017,10.64999962,76.76000214
5/17/2017,15.59000015,111.4800034
5/18/2017,14.65999985,104.1200027
5/19/2017,12.03999996,87.20999908
5/22/2017,10.93000031,83.47000122
5/23/2017,10.72000027,84.19000244
5/24/2017,10.02000046,81.91000366
5/25/2017,9.989999771,82.19999695
5/26/2017,9.81000042,81.80999756
5/30/2017,10.38000011,84.30000305
5/31/2017,10.40999985,84.51999664
6/1/2017,9.890000343,83.83000183
6/2/2017,9.75,83.62000275
6/5/2017,10.06999969,86.08000183
6/6/2017,10.44999981,89.15000153
6/7/2017,10.39000034,88.22000122
6/8/2017,10.15999985,83.27999878
6/9/2017,10.69999981,87.41000366
6/12/2017,11.46000004,91.20999908
6/13/2017,10.42000008,86.66000366
6/14/2017,10.64000034,89.97000122
6/15/2017,10.89999962,89.94999695
6/16/2017,10.38000011,87
6/19/2017,10.36999989,85.26999664
6/20/2017,10.85999966,89.19000244
6/21/2017,10.75,88.06999969
6/22/2017,10.47999954,86.37999725
6/23/2017,10.02000046,84.51999664
6/26/2017,9.899999619,81.94000244
6/27/2017,11.06000042,87.30000305
6/28/2017,10.02999973,84.23999786
6/29/2017,11.43999958,93.77999878
6/30/2017,11.18000031,90.43000031
7/3/2017,11.22000027,93.30999756
7/5/2017,11.06999969,91.98000336
7/6/2017,12.53999996,100.2099991
7/7/2017,11.18999958,92.5
7/10/2017,11.10999966,89.69000244
7/11/2017,10.89000034,88.23000336
7/12/2017,10.30000019,88.19000244
7/13/2017,9.899999619,85.68000031
7/14/2017,9.510000229,82.19999695
7/17/2017,9.819999695,80.26999664
7/18/2017,9.890000343,79.13999939
7/19/2017,9.789999962,77.95999908
7/20/2017,9.579999924,76.26000214
7/21/2017,9.359999657,77.86000061
7/24/2017,9.430000305,78.23999786
7/25/2017,9.430000305,79.16999817
7/26/2017,9.600000381,82.33999634
7/27/2017,10.10999966,86.87000275
7/28/2017,10.28999996,87.19999695
7/31/2017,10.26000023,86.76000214
8/1/2017,10.09000015,84.55000305
8/2/2017,10.27999973,86.88999939
8/3/2017,10.43999958,87.66000366
8/4/2017,10.02999973,87.38999939
8/7/2017,9.930000305,90.01000214
8/8/2017,10.96000004,98.68000031
8/9/2017,11.10999966,106.7699966
8/10/2017,16.04000092,135.3200073
8/11/2017,15.51000023,127.4300003
8/14/2017,12.32999992,100.5999985
8/15/2017,12.03999996,96.70999908
8/16/2017,11.73999977,94.81999969
8/17/2017,15.55000019,117.7699966
8/18/2017,14.26000023,114.3899994
8/21/2017,13.18999958,101.3899994
8/22/2017,11.35000038,92.69999695
8/23/2017,12.25,98.95999908
8/24/2017,12.22999954,100.2600021
8/25/2017,11.27999973,95.52999878
8/28/2017,11.31999969,96.41999817
8/29/2017,11.69999981,98.79000092
8/30/2017,11.22000027,98.90000153
8/31/2017,10.59000015,94.86000061
9/1/2017,10.13000011,93.59999847
9/5/2017,12.22999954,102.6600037
9/6/2017,11.63000011,99.61000061
9/7/2017,11.55000019,96.29000092
9/8/2017,12.11999989,100.1200027
9/11/2017,10.72999954,93.66000366
9/12/2017,10.57999992,92.38999939
9/13/2017,10.5,90.88999939
9/14/2017,10.43999958,92.08999634
9/15/2017,10.17000008,90.62999725
9/18/2017,10.14999962,90.45999908
9/19/2017,10.18000031,91.22000122
9/20/2017,9.779999733,90.91000366
9/21/2017,9.670000076,92.31999969
9/22/2017,9.590000153,93.29000092
9/25/2017,10.21000004,96.40000153
9/26/2017,10.17000008,94.80999756
9/27/2017,9.869999886,95.36000061
9/28/2017,9.550000191,94.09999847
9/29/2017,9.510000229,93.13999939
10/2/2017,9.449999809,92.48000336
10/3/2017,9.510000229,91.58999634
10/4/2017,9.630000114,92.12000275
10/5/2017,9.18999958,91.79000092
10/6/2017,9.649999619,97.08999634
10/9/2017,10.32999992,101.8300018
10/10/2017,10.07999992,97.33000183
10/11/2017,9.850000381,99.22000122
10/12/2017,9.909999847,97.76999664
10/13/2017,9.609999657,97.80000305
10/16/2017,9.909999847,97.65000153
10/17/2017,10.31000042,98.73999786
10/18/2017,10.06999969,94.33999634
10/19/2017,10.05000019,93.33000183
10/20/2017,9.970000267,90.52999878
10/23/2017,11.06999969,97.08999634
10/24/2017,11.15999985,98.43000031
10/25/2017,11.22999954,100.1600037
10/26/2017,11.30000019,97.73000336
10/27/2017,9.800000191,92.77999878
10/30/2017,10.5,95.19000244
10/31/2017,10.18000031,92.01000214
11/1/2017,10.19999981,92
11/2/2017,9.930000305,91.48000336
11/3/2017,9.140000343,89.68000031
11/6/2017,9.399999619,91.25
11/7/2017,9.890000343,93.44999695
11/8/2017,9.779999733,97.73999786
11/9/2017,10.5,98.81999969
11/10/2017,11.28999996,104.7600021
11/13/2017,11.5,106.3000031
11/14/2017,11.59000015,103.1800003
11/15/2017,13.13000011,106.2699966
11/16/2017,11.76000023,100.1500015
11/17/2017,11.43000031,97.12000275
11/20/2017,10.64999962,93.76000214
11/21/2017,9.729999542,89.26999664
11/22/2017,9.880000114,86.41999817
11/24/2017,9.670000076,86.31999969
11/27/2017,9.869999886,86.58000183
11/28/2017,10.02999973,85.73000336
11/29/2017,10.69999981,89.56999969
11/30/2017,11.27999973,89.94000244
12/1/2017,11.43000031,95.02999878
12/4/2017,11.68000031,97.56999969
12/5/2017,11.32999992,97.94999695
12/6/2017,11.02000046,98.16999817
12/7/2017,10.15999985,95.83000183
12/8/2017,9.579999924,91.88999939
12/11/2017,9.340000153,92.05999756
12/12/2017,9.920000076,93.26999664
12/13/2017,10.18000031,95.55999756
12/14/2017,10.48999977,96.06999969
12/15/2017,9.420000076,92.19999695
12/18/2017,9.529999733,90.63999939
12/19/2017,10.02999973,93.58000183
12/20/2017,9.720000267,92.86000061
12/21/2017,9.619999886,92.20999908
12/22/2017,9.899999619,94.90000153
12/26/2017,10.25,97.55999756
12/27/2017,10.47000027,97.08000183
12/28/2017,10.18000031,97.25
12/29/2017,11.03999996,100.7600021
1/2/2018,9.770000458,97.36000061
1/3/2018,9.149999619,94.40000153
1/4/2018,9.220000267,94.20999908
1/5/2018,9.220000267,93.09999847
1/8/2018,9.520000458,93.97000122
1/9/2018,10.07999992,94.73999786
1/10/2018,9.819999695,93.69999695
1/11/2018,9.880000114,92.23999786
1/12/2018,10.15999985,92.22000122
1/16/2018,11.65999985,106.4899979
1/17/2018,11.90999985,102.6299973
1/18/2018,12.22000027,103.6800003
1/19/2018,11.27000046,101.5899963
1/22/2018,11.02999973,99.68000031
1/23/2018,11.10000038,98.58999634
1/24/2018,11.47000027,99.76999664
1/25/2018,11.57999992,101.7799988
1/26/2018,11.07999992,98.65000153
1/29/2018,13.84000015,110.0100021
1/30/2018,14.78999996,113.4800034
1/31/2018,13.53999996,108.4100037
2/1/2018,13.47000027,105.7699966
2/2/2018,17.30999947,125.5100021
2/5/2018,37.31999969,177.3399963
2/6/2018,29.97999954,161.1199951
2/7/2018,27.72999954,159.0299988
2/8/2018,33.45999908,180.6100006
2/9/2018,29.05999947,167.2799988
2/12/2018,25.61000061,140.8000031
2/13/2018,24.96999931,136.5800018
2/14/2018,19.26000023,124.4899979
2/15/2018,19.12999916,122.7600021
2/16/2018,19.45999908,121.1999969
2/20/2018,20.60000038,122.5800018
2/21/2018,20.02000046,125.7300034
2/22/2018,18.71999931,116.9800034
2/23/2018,16.48999977,110.1900024
2/26/2018,15.80000019,107.6800003
2/27/2018,18.59000015,119.5
2/28/2018,19.85000038,121.6999969
3/1/2018,22.46999931,128.1399994
3/2/2018,19.59000015,114.7799988
3/5/2018,18.72999954,109.6600037
3/6/2018,18.36000061,104.6100006
3/7/2018,17.76000023,99.48999786
3/8/2018,16.54000092,96.91999817
3/9/2018,14.64000034,99.70999908
3/12/2018,15.77999973,104.9400024
3/13/2018,16.35000038,107.0400009
3/14/2018,17.22999954,110.2900009
3/15/2018,16.59000015,109.2799988
3/16/2018,15.80000019,106.4899979
3/19/2018,19.02000046,112.9199982
3/20/2018,18.20000076,107.1299973
3/21/2018,17.86000061,106.5999985
3/22/2018,23.34000015,125.1200027
3/23/2018,24.87000084,129.8200073
3/26/2018,21.03000069,113.0800018
3/27/2018,22.5,118.6100006
3/28/2018,22.87000084,114.0199966
3/29/2018,19.96999931,103.3199997
4/2/2018,23.62000084,111.6699982
4/3/2018,21.10000038,102.0599976
4/4/2018,20.05999947,95.44000244
4/5/2018,18.94000053,92.20999908
4/6/2018,21.48999977,98.59999847
4/9/2018,21.77000046,100.2399979
4/10/2018,20.46999931,98.20999908
4/11/2018,20.23999977,100.0199966
4/12/2018,18.48999977,98.08000183
4/13/2018,17.40999985,93.94000244
4/16/2018,16.55999947,93.22000122
4/17/2018,15.25,89.58999634
4/18/2018,15.60000038,92.41000366
4/19/2018,15.96000004,95.37999725
4/20/2018,16.87999916,99.20999908
4/23/2018,16.34000015,96.87000275
4/24/2018,18.02000046,100.8099976
4/25/2018,17.84000015,97.80000305
4/26/2018,16.23999977,90.70999908
4/27/2018,15.40999985,92.15000153
4/30/2018,15.93000031,94.30000305
5/1/2018,15.48999977,89.97000122
5/2/2018,15.97000027,93.79000092
5/3/2018,15.89999962,91.06999969
5/4/2018,14.77000046,88.12000275
5/7/2018,14.75,90.70999908
5/8/2018,14.71000004,89.5
5/9/2018,13.42000008,93.88999939
5/10/2018,13.22999954,93.01999664
5/11/2018,12.64999962,90.02999878
5/14/2018,12.93000031,92.62000275
5/15/2018,14.63000011,99.18000031
5/16/2018,13.42000008,94.79000092
5/17/2018,13.43000031,93.48000336
5/18/2018,13.42000008,94.76000214
5/21/2018,13.07999992,91.04000092
5/22/2018,13.22000027,90.47000122
5/23/2018,12.57999992,89.80000305
5/24/2018,12.52999973,90.63999939
5/25/2018,13.22000027,93.77999878
5/29/2018,17.02000046,108.6699982
5/30/2018,14.93999958,99.08000183
5/31/2018,15.43000031,100.6299973
6/1/2018,13.46000004,93.30000305
6/4/2018,12.73999977,90.83000183
6/5/2018,12.39999962,89.83999634
6/6/2018,11.64000034,88.12000275
6/7/2018,12.13000011,91.27999878
6/8/2018,12.18000031,93.48999786
6/11/2018,12.35000038,94.54000092
6/12/2018,12.34000015,95.70999908
6/13/2018,12.93999958,100.0100021
6/14/2018,12.11999989,98.20999908
6/15/2018,11.97999954,101.6600037
6/18/2018,12.31000042,99.87000275
6/19/2018,13.35000038,104.1299973
6/20/2018,12.78999996,98.51000214
6/21/2018,14.64000034,107.4499969
6/22/2018,13.77000046,102.4899979
6/25/2018,17.32999992,114.3199997
6/26/2018,15.92000008,107.5199966
6/27/2018,17.90999985,112.75
6/28/2018,16.85000038,108.8799973
6/29/2018,16.09000015,105.9700012
7/2/2018,15.60000038,104.8000031
7/3/2018,16.13999939,108.5
7/5/2018,14.97000027,103.2200012
7/6/2018,13.36999989,95.73999786
7/9/2018,12.68999958,94.16000366
7/10/2018,12.64000034,91.95999908
7/11/2018,13.63000011,104.5
7/12/2018,12.57999992,100.8199997
7/13/2018,12.18000031,99.80999756
7/16/2018,12.82999992,100.9499969
7/17/2018,12.06000042,98.55999756
7/18/2018,12.10000038,98.08000183
7/19/2018,12.86999989,100.5800018
7/20/2018,12.85999966,102.7600021
7/23/2018,12.61999989,102.0400009
7/24/2018,12.40999985,98.68000031
7/25/2018,12.28999996,94.19999695
7/26/2018,12.14000034,91.66000366
7/27/2018,13.02999973,97.15000153
7/30/2018,14.26000023,101.4100037
7/31/2018,12.82999992,94.12999725
8/1/2018,13.14999962,95.27999878
8/2/2018,12.18999958,91.66000366
8/3/2018,11.64000034,86.59999847
8/6/2018,11.27000046,84.66000366
8/7/2018,10.93000031,83.20999908
8/8/2018,10.85000038,84.41999817
8/9/2018,11.27000046,88.69000244
8/10/2018,13.15999985,99.06999969
8/13/2018,14.77999973,107.7799988
8/14/2018,13.31000042,100.3399963
8/15/2018,14.64000034,111.1299973
8/16/2018,13.44999981,103.4899979
8/17/2018,12.64000034,101.8099976
8/20/2018,12.48999977,100.7699966
8/21/2018,12.85999966,101.5599976
8/22/2018,12.25,95.72000122
8/23/2018,12.40999985,95.91999817
8/24/2018,11.98999977,93.94999695
8/27/2018,12.15999985,93.38999939
8/28/2018,12.5,92.30999756
8/29/2018,12.25,91.09999847
8/30/2018,13.52999973,95.11000061
8/31/2018,12.85999966,92.73000336
9/4/2018,13.15999985,95.23000336
9/5/2018,13.90999985,97.94000244
9/6/2018,14.64999962,101.3600006
9/7/2018,14.88000011,102.3799973
9/10/2018,14.15999985,100.3799973
9/11/2018,13.22000027,96.44000244
9/12/2018,13.14000034,97.23999786
9/13/2018,12.36999989,91.05999756
9/14/2018,12.06999969,88.06999969
9/17/2018,13.68000031,96.33999634
9/18/2018,12.78999996,92.48999786
9/19/2018,11.75,88.18000031
9/20/2018,11.80000019,87.30999756
9/21/2018,11.68000031,90.19999695
9/24/2018,12.19999981,91.51000214
9/25/2018,12.42000008,91.06999969
9/26/2018,12.89000034,91.55999756
9/27/2018,12.40999985,87.66000366
9/28/2018,12.11999989,87.30999756
10/1/2018,12,86.97000122
10/2/2018,12.05000019,88.12000275
10/3/2018,11.60999966,85.80000305
10/4/2018,14.22000027,99.44000244
10/5/2018,14.81999969,102.6299973
10/8/2018,15.68999958,102.7399979
10/9/2018,15.94999981,103.9199982
10/10/2018,22.95999908,135.6100006
10/11/2018,24.97999954,129.3000031
10/12/2018,21.30999947,124.8099976
10/15/2018,21.29999924,118.7799988
10/16/2018,17.62000084,111.7799988
10/17/2018,17.39999962,109.2799988
10/18/2018,20.05999947,116.8199997
10/19/2018,19.88999939,114.9499969
10/22/2018,19.63999939,112.1500015
10/23/2018,20.70999908,108.7099991
10/24/2018,25.22999954,118.5800018
10/25/2018,24.21999931,113.9100037
10/26/2018,24.15999985,110.4899979
10/29/2018,24.70000076,110.3899994
10/30/2018,23.35000038,106.0800018
10/31/2018,21.22999954,102.9000015
11/1/2018,19.34000015,99.56999969
11/2/2018,19.51000023,102.3799973
11/5/2018,19.95999908,101.8300018
11/6/2018,19.90999985,102.4800034
11/7/2018,16.36000061,95.75
11/8/2018,16.71999931,95.40000153
11/9/2018,17.36000061,100.5500031
11/12/2018,20.45000076,107.7699966
11/13/2018,20.02000046,105.3199997
11/14/2018,21.25,111.4199982
11/15/2018,19.97999954,107.3799973
11/16/2018,18.13999939,101.9300003
11/19/2018,20.10000038,107.1299973
11/20/2018,22.47999954,107.6100006
11/21/2018,20.79999924,100.2699966
11/23/2018,21.52000046,99.29000092
11/26/2018,18.89999962,92.16999817
11/27/2018,19.02000046,91.54000092
11/28/2018,18.48999977,93.55000305
11/29/2018,18.79000092,93.36000061
11/30/2018,18.06999969,93.58999634
12/3/2018,16.44000053,85.87000275
12/4/2018,20.73999977,96.56999969
12/6/2018,21.19000053,93.84999847
12/7/2018,23.22999954,96.48999786
12/10/2018,22.63999939,91.77999878
12/11/2018,21.76000023,89.76999664
12/12/2018,21.45999908,91.41000366
12/13/2018,20.64999962,93
12/14/2018,21.62999916,96.44999695
12/17/2018,24.52000046,101.5500031
12/18/2018,25.57999992,103.6399994
12/19/2018,25.57999992,105.0500031
12/20/2018,28.37999916,109.6500015
12/21/2018,30.11000061,106.6100006
12/24/2018,36.06999969,111.8799973
12/26/2018,30.40999985,97.31999969
12/27/2018,29.95999908,95.88999939
12/28/2018,28.34000015,91.23999786
12/31/2018,25.42000008,87.11000061
1/2/2019,23.21999931,81.66000366
1/3/2019,25.45000076,83.80000305
1/4/2019,21.37999916,84.44000244
1/7/2019,21.39999962,82.73999786
1/8/2019,20.46999931,82.41000366
1/9/2019,19.97999954,86.62000275
1/10/2019,19.5,86.34999847
1/11/2019,18.19000053,83.84999847
1/14/2019,19.06999969,83.01000214
1/15/2019,18.60000038,81.38999939
1/16/2019,19.04000092,83.33999634
1/17/2019,18.05999947,82.79000092
1/18/2019,17.79999924,82.48999786
1/22/2019,20.79999924,93.80999756
1/23/2019,19.52000046,88.44999695
1/24/2019,18.88999939,84.88999939
1/25/2019,17.42000008,83.37999725
1/28/2019,18.87000084,86.44000244
1/29/2019,19.12999916,86.83999634
1/30/2019,17.65999985,82.38999939
1/31/2019,16.56999969,79.23999786
2/1/2019,16.13999939,80
2/4/2019,15.72999954,77.36000061
2/5/2019,15.56999969,80.62000275
2/6/2019,15.38000011,84.98999786
2/7/2019,16.37000084,85.01000214
2/8/2019,15.72000027,82.69999695
2/11/2019,15.97000027,82.76999664
2/12/2019,15.43000031,81.62999725
2/13/2019,15.64999962,80.26999664
2/14/2019,16.21999931,81.63999939
2/15/2019,14.90999985,80.44999695
2/19/2019,14.88000011,78.63999939
2/20/2019,14.02000046,75.58999634
2/21/2019,14.46000004,76.63999939
2/22/2019,13.51000023,74.98000336
2/25/2019,14.85000038,79.34999847
2/26/2019,15.17000008,80.52999878
2/27/2019,14.69999981,80.37000275
2/28/2019,14.77999973,80
3/1/2019,13.56999969,79.26999664
3/4/2019,14.63000011,82.33999634
3/5/2019,14.73999977,82.45999908
3/6/2019,15.73999977,86.09999847
3/7/2019,16.59000015,88.69999695
3/8/2019,16.04999924,87.23999786
3/11/2019,14.32999992,81.23000336
3/12/2019,13.77000046,83.05999756
3/13/2019,13.40999985,82.76000214
3/14/2019,13.5,82.55999756
3/15/2019,12.88000011,82.94000244
3/18/2019,13.10000038,85.51999664
3/19/2019,13.56000042,87.36000061
3/20/2019,13.90999985,86.62999725
3/21/2019,13.63000011,83.88999939
3/22/2019,16.47999954,98.5
3/25/2019,16.32999992,97.19999695
3/26/2019,14.68000031,89.84999847
3/27/2019,15.14999962,91.33999634
3/28/2019,14.43000031,87.94999695
3/29/2019,13.71000004,85.81999969
4/1/2019,13.39999962,84.93000031
4/2/2019,13.35999966,83.27999878
4/3/2019,13.73999977,84.23000336
4/4/2019,13.57999992,82.15000153
4/5/2019,12.81999969,79.09999847
4/8/2019,13.18000031,81.86000061
4/9/2019,14.27999973,88.13999939
4/10/2019,13.30000019,89.48999786
4/11/2019,13.02000046,88.05999756
4/12/2019,12.01000023,84.98000336
4/15/2019,12.31999969,84.16999817
4/16/2019,12.18000031,83.58000183
4/17/2019,12.60000038,85.55000305
4/18/2019,12.09000015,84.41000366
4/22/2019,12.42000008,83.26999664
4/23/2019,12.27999973,81.43000031
4/24/2019,13.14000034,85.16999817
4/25/2019,13.25,86.94000244
4/26/2019,12.72999954,84.08999634
4/29/2019,13.10999966,86.08000183
4/30/2019,13.11999989,88.55999756
5/1/2019,14.80000019,95.75
5/2/2019,14.42000008,93.01999664
5/3/2019,12.86999989,86.23000336
5/6/2019,15.43999958,94.84999847
5/7/2019,19.31999969,111.5400009
5/8/2019,19.39999962,106.4800034
5/9/2019,19.10000038,102.9199982
5/10/2019,16.04000092,96.01000214
5/13/2019,20.54999924,105.5999985
5/14/2019,18.05999947,97.26000214
5/15/2019,16.44000053,94.52999878
5/16/2019,15.28999996,94.23000336
5/17/2019,15.96000004,99.12000275
5/20/2019,16.30999947,96.83000183
5/21/2019,14.94999981,92.37999725
5/22/2019,14.75,89.30000305
5/23/2019,16.92000008,94.98000336
5/24/2019,15.85000038,90.19000244
5/28/2019,17.5,95.08000183
5/29/2019,17.89999962,93.83000183
5/30/2019,17.29999924,92.77999878
5/31/2019,18.70999908,96.72000122
6/3/2019,18.86000061,96.02999878
6/4/2019,16.96999931,88.93000031
6/5/2019,16.09000015,86.72000122
6/6/2019,15.93000031,86.11000061
6/7/2019,16.29999924,86
6/10/2019,15.93999958,83.86000061
6/11/2019,15.98999977,84.94999695
6/12/2019,15.90999985,86.19999695
6/13/2019,15.81999969,84.73000336
6/14/2019,15.27999973,82.56999969
6/17/2019,15.35000038,83.48000336
6/18/2019,15.14999962,87.37000275
6/19/2019,14.32999992,84.58000183
6/20/2019,14.75,81.20999908
6/21/2019,15.39999962,83.13999939
6/24/2019,15.26000023,82.58999634
6/25/2019,16.28000069,85.16000366
6/26/2019,16.20999908,85.36000061
6/27/2019,15.81999969,86.51999664
6/28/2019,15.07999992,85.77999878
7/1/2019,14.06000042,79.58000183
7/2/2019,12.93000031,78.22000122
7/3/2019,12.56999969,80.04000092
7/8/2019,13.96000004,83.66000366
7/9/2019,14.09000015,82.30999756
7/10/2019,13.02999973,85.97000122
7/11/2019,12.93000031,88.19999695
7/12/2019,12.39000034,86.13999939
7/15/2019,12.68000031,86.19999695
7/16/2019,12.85999966,88.25
7/17/2019,13.97000027,90.34999847
7/18/2019,13.52999973,84.04000092
7/19/2019,14.44999981,86.76999664
7/22/2019,13.52999973,81.22000122
7/23/2019,12.60999966,78.98999786
7/24/2019,12.06999969,83.88999939
7/25/2019,12.73999977,84.30000305
7/26/2019,12.15999985,83.11000061
7/29/2019,12.82999992,88.16000366
7/30/2019,13.93999958,91.58000183
7/31/2019,16.12000084,96.27999878
8/1/2019,17.87000084,105.4700012
8/2/2019,17.61000061,102.6900024
8/5/2019,24.59000015,114.4000015
8/6/2019,20.17000008,107.4499969
8/7/2019,19.48999977,104.2699966
8/8/2019,16.90999985,98.66000366
8/9/2019,17.96999931,101.5199966
8/12/2019,21.09000015,105.3099976
8/13/2019,17.52000046,102.2099991
8/14/2019,22.10000038,113.9899979
8/15/2019,21.18000031,112.2600021
8/16/2019,18.46999931,110.3199997
8/19/2019,16.87999916,101.2200012
8/20/2019,17.5,104.7699966
8/21/2019,15.80000019,98.02999878
8/22/2019,16.68000031,100.9400024
8/23/2019,19.87000084,111.3700027
8/26/2019,19.31999969,106.2699966
8/27/2019,20.30999947,106.4899979
8/28/2019,19.35000038,103.9499969
8/29/2019,17.87999916,99.80000305
8/30/2019,18.97999954,102.6600037
9/3/2019,19.65999985,102.1900024
9/4/2019,17.32999992,97.30000305
9/5/2019,16.27000046,95.51000214
9/6/2019,15,94.40000153
9/9/2019,15.27000046,94.5
9/10/2019,15.19999981,93.84999847
9/11/2019,14.60999966,97.79000092
9/12/2019,14.22000027,95.94000244
9/13/2019,13.73999977,98.93000031
9/16/2019,14.67000008,101.7300034
9/17/2019,14.43999958,101.6699982
9/18/2019,13.94999981,99.08999634
9/19/2019,14.05000019,97.30000305
9/20/2019,15.31999969,101.0299988
9/23/2019,14.90999985,97.59999847
9/24/2019,17.04999924,104.9599991
9/25/2019,15.96000004,99.68000031
9/26/2019,16.06999969,100.3099976
9/27/2019,17.21999931,103.1999969
9/30/2019,16.23999977,97.62000275
10/1/2019,18.55999947,102.7399979
10/2/2019,20.55999947,103.8099976
10/3/2019,19.12000084,98.19999695
10/4/2019,17.04000092,95.19000244
10/7/2019,17.86000061,97.04000092
10/8/2019,20.28000069,102.2699966
10/9/2019,18.63999939,101.25
10/10/2019,17.56999969,99.66000366
10/11/2019,15.57999992,97.69999695
10/14/2019,14.56999969,94.43000031
10/15/2019,13.53999996,93.98000336
10/16/2019,13.68000031,93.16000366
10/17/2019,13.78999996,90.26999664
10/18/2019,14.25,91.19999695
10/21/2019,14,88.09999847
10/22/2019,14.46000004,89.31999969
10/23/2019,14.01000023,87.58999634
10/24/2019,13.71000004,86.55000305
10/25/2019,12.64999962,83.81999969
10/28/2019,13.10999966,86.48000336
10/29/2019,13.19999981,87.75
10/30/2019,12.32999992,86.47000122
10/31/2019,13.22000027,88.91999817
11/1/2019,12.30000019,85.69000244
11/4/2019,12.82999992,88.75
11/5/2019,13.10000038,90.98000336
11/6/2019,12.61999989,89.58999634
11/7/2019,12.72999954,90.15000153
11/8/2019,12.06999969,89.05999756
11/11/2019,12.68999958,89.55999756
11/12/2019,12.68000031,90.34999847
11/13/2019,13,93.5
11/14/2019,13.05000019,93.44999695
11/15/2019,12.05000019,93.34999847
11/18/2019,12.46000004,93.98999786
11/19/2019,12.85999966,95.94999695
11/20/2019,12.77999973,95.36000061
11/21/2019,13.13000011,96.08999634
11/22/2019,12.34000015,94.40000153
11/25/2019,11.86999989,90.23999786
11/26/2019,11.53999996,89.87999725
11/27/2019,11.75,90.19999695
11/29/2019,12.61999989,91.05000305
12/2/2019,14.90999985,98.91000366
12/3/2019,15.96000004,102.6500015
12/4/2019,14.80000019,98.72000122
12/5/2019,14.52000046,98.12000275
12/6/2019,13.61999989,96.51999664
12/9/2019,15.85999966,101.8899994
12/10/2019,15.68000031,101.0299988
12/11/2019,14.98999977,104.8199997
12/12/2019,13.93999958,101.3000031
12/13/2019,12.63000011,96.61000061
12/16/2019,12.14000034,94.20999908
12/17/2019,12.28999996,98.55999756
12/18/2019,12.57999992,99.19999695
12/19/2019,12.5,97.25
12/20/2019,12.51000023,99.29000092
12/23/2019,12.60999966,99.81999969
12/24/2019,12.67000008,98.83000183
12/26/2019,12.64999962,97.45999908
12/27/2019,13.43000031,99.62999725
12/30/2019,14.81999969,100.0199966
12/31/2019,13.77999973,94.09999847
1/2/2020,12.47000027,89.66999817
1/3/2020,14.02000046,93.79000092
1/6/2020,13.85000038,92.66000366
1/7/2020,13.78999996,91.06999969
1/8/2020,13.44999981,90.20999908
1/9/2020,12.53999996,87.80999756
1/10/2020,12.56000042,88.33000183
1/13/2020,12.31999969,88.48000336
1/14/2020,12.39000034,86.87000275
1/15/2020,12.42000008,91.15000153
1/16/2020,12.31999969,90.37999725
1/17/2020,12.10000038,91.75
1/21/2020,12.85000038,92.98000336
1/22/2020,12.90999985,91.11000061
1/23/2020,12.97999954,92.54000092
1/24/2020,14.56000042,98.43000031
1/27/2020,18.22999954,107.3899994
1/28/2020,16.28000069,102.1100006
1/29/2020,16.38999939,99.06999969
1/30/2020,15.48999977,96.48999786
1/31/2020,18.84000015,105.5999985
2/3/2020,17.96999931,102.9499969
2/4/2020,16.04999924,96.18000031
2/5/2020,15.14999962,92.81999969
2/6/2020,14.96000004,93.61000061
2/7/2020,15.47000027,96.01000214
2/10/2020,15.03999996,96.80999756
2/11/2020,15.18000031,96.95999908
2/12/2020,13.73999977,96.65000153
2/13/2020,14.14999962,99.16999817
2/14/2020,13.68000031,98.16999817
2/18/2020,14.82999992,101.0199966
2/19/2020,14.38000011,95.91999817
2/20/2020,15.56000042,99.48000336
2/21/2020,17.07999992,104.8600006
2/24/2020,25.03000069,112.7200012
2/25/2020,27.85000038,121.0100021
2/26/2020,27.55999947,113.4400024
2/27/2020,39.15999985,118
2/28/2020,40.11000061,125.7300034
3/2/2020,33.41999817,114.6900024
3/3/2020,36.81999969,116.7200012
3/4/2020,31.98999977,113.9700012
3/5/2020,39.61999893,119.6600037
3/6/2020,41.93999863,127.1600037
3/9/2020,54.45999908,137.1900024
3/10/2020,47.29999924,138.8200073
3/11/2020,53.90000153,146.9299927
3/12/2020,75.47000122,155.0500031
3/13/2020,57.83000183,171.2799988
3/16/2020,82.69000244,207.5899963
3/17/2020,75.91000366,194.4299927
3/18/2020,76.44999695,181.3300018
3/19/2020,72,181.7599945
3/20/2020,66.04000092,187.1799927
3/23/2020,61.59000015,167.9299927
3/24/2020,61.66999817,171.9100037
3/25/2020,63.95000076,171.8899994
3/26/2020,61,169.5800018
3/27/2020,65.54000092,168.7100067
3/30/2020,57.08000183,157.6600037
3/31/2020,53.54000092,152.9199982
4/1/2020,57.06000137,156.9900055
4/2/2020,50.90999985,147.3300018
4/3/2020,46.79999924,143.5200043
4/6/2020,45.24000168,143.3000031
4/7/2020,46.70000076,134.4499969
4/8/2020,43.34999847,141.3699951
4/9/2020,41.66999817,137.75
4/13/2020,41.16999817,138.6799927
4/14/2020,37.75999832,131.7799988
4/15/2020,40.84000015,135.9299927
4/16/2020,40.11000061,129.5500031
4/17/2020,38.15000153,127.1500015
4/20/2020,43.83000183,132.0399933
4/21/2020,45.40999985,132.2200012
4/22/2020,41.97999954,124.0999985
4/23/2020,41.38000107,121.8600006
4/24/2020,35.93000031,119.8799973
4/27/2020,33.29000092,120.5599976
4/28/2020,33.56999969,117.7900009
4/29/2020,31.22999954,115.9800034
4/30/2020,34.15000153,118.5299988
5/1/2020,37.18999863,122.1500015
5/4/2020,35.97000122,121.25
5/5/2020,33.61000061,118.8700027
5/6/2020,34.11999893,119.1600037
5/7/2020,31.44000053,115.8300018
5/8/2020,27.97999954,115.6500015
5/11/2020,27.56999969,118.7099991
5/12/2020,33.04000092,130.75
5/13/2020,35.27999878,142.75
5/14/2020,32.61000061,137.0500031
5/15/2020,31.88999939,133.0200043
5/18/2020,29.29999924,125.9000015
5/19/2020,30.53000069,125.5999985
5/20/2020,27.98999977,120.0400009
5/21/2020,29.53000069,122.0800018
5/22/2020,28.15999985,118.3799973
5/26/2020,28.01000023,113.5899963
5/27/2020,27.62000084,109.8199997
5/28/2020,28.59000015,108.9899979
5/29/2020,27.51000023,105.5999985
6/1/2020,28.22999954,106.4700012
6/2/2020,26.84000015,104.8300018
6/3/2020,25.65999985,106.8499985
6/4/2020,25.80999947,109.8799973
6/5/2020,24.52000046,107.5899963
6/8/2020,25.80999947,110.0500031
6/9/2020,27.56999969,111
6/10/2020,27.56999969,116.5299988
6/12/2020,36.09000015,151.6000061
6/15/2020,34.40000153,141.8300018
6/16/2020,33.66999817,143.2400055
6/17/2020,33.47000122,139.9400024
6/18/2020,32.93999863,135.8300018
6/19/2020,35.11999893,138.3500061
6/22/2020,31.77000046,133.9799957
6/23/2020,31.37000084,130.7299957
6/24/2020,33.84000015,136.8899994
6/25/2020,32.22000122,127.1999969
6/26/2020,34.72999954,128.6300049
6/29/2020,31.78000069,121.3199997
6/30/2020,30.43000031,120.7600021
7/1/2020,28.62000084,120.8300018
7/2/2020,27.68000031,115.4700012
7/6/2020,27.94000053,116.5699997
7/7/2020,29.43000031,118.1200027
7/8/2020,28.07999992,113.3399963
7/9/2020,29.26000023,115.1100006
7/10/2020,27.29000092,109.7099991
7/13/2020,32.18999863,123.3000031
7/14/2020,29.52000046,112.75
7/15/2020,27.76000023,113.7099991
7/16/2020,28,115.6200027
7/17/2020,25.68000031,117.9700012
7/20/2020,24.45999908,112.5100021
7/21/2020,24.84000015,115.4599991
7/22/2020,24.31999969,112.8399963
7/23/2020,26.07999992,116.6999969
7/24/2020,25.84000015,117.2200012
7/27/2020,24.73999977,112.7099991
7/28/2020,25.44000053,113.8799973
7/29/2020,24.10000038,110.9499969
7/30/2020,24.76000023,112.1600037
7/31/2020,24.45999908,112.0400009
8/3/2020,24.28000069,111.0199966
8/4/2020,23.76000023,109
8/5/2020,22.98999977,105.6699982
8/6/2020,22.64999962,105.8399963
8/7/2020,22.20999908,108.1800003
8/10/2020,22.12999916,111.1299973
8/11/2020,24.03000069,118.3399963
8/12/2020,22.28000069,115.7300034
8/13/2020,22.12999916,115.1800003
8/14/2020,22.04999924,114.3499985
8/17/2020,21.35000038,110.3499985
8/18/2020,21.51000023,112.5899963
8/19/2020,22.54000092,114.7200012
8/20/2020,22.71999931,112.9899979
8/21/2020,22.54000092,111.25
8/24/2020,22.37000084,108.25
8/25/2020,22.03000069,103.8799973
8/26/2020,23.27000046,105.8000031
8/27/2020,24.46999931,114.7399979
8/28/2020,22.95999908,111.5599976
8/31/2020,26.40999985,119.0100021
9/1/2020,26.12000084,120.0999985
9/2/2020,26.56999969,122.0100021
9/3/2020,33.59999847,132.9100037
9/4/2020,30.75,122.1399994
9/8/2020,31.45999908,123.5599976
9/9/2020,28.80999947,121.5400009
9/10/2020,29.70999908,120.5800018
9/11/2020,26.87000084,113.9499969
9/14/2020,25.85000038,111.2699966
9/15/2020,25.59000015,108.9700012
9/16/2020,26.04000092,103.4800034
9/17/2020,26.45999908,100.3700027
9/18/2020,25.82999992,101.1900024
9/21/2020,27.78000069,108.7399979
9/22/2020,26.86000061,104.6900024
9/23/2020,28.57999992,107.3499985
9/24/2020,28.51000023,102.2600021
9/25/2020,26.37999916,99.63999939
9/28/2020,26.19000053,101.8499985
9/29/2020,26.27000046,96.93000031
9/30/2020,26.37000084,101.5800018
10/1/2020,26.70000076,101
10/2/2020,27.62999916,102.7200012
10/5/2020,27.95999908,103.2200012
10/6/2020,29.47999954,106.1399994
10/7/2020,28.05999947,104.1900024
10/8/2020,26.36000061,104.8000031
10/9/2020,25,109.2200012
10/12/2020,25.06999969,109.6800003
10/13/2020,26.06999969,110.9700012
10/14/2020,26.39999962,116.9300003
10/15/2020,26.96999931,117.5899963
10/16/2020,27.40999985,115.9199982
10/19/2020,29.18000031,119.7600021
10/20/2020,29.35000038,119.5899963
10/21/2020,28.64999962,117.4700012
10/22/2020,28.11000061,118.5999985
10/23/2020,27.54999924,118.9400024
10/26/2020,32.45999908,133.0800018
10/27/2020,33.34999847,135.3200073
10/28/2020,40.27999878,152.0099945
10/29/2020,37.59000015,147.8399963
10/30/2020,38.02000046,145.2400055
11/2/2020,37.13000107,142.6499939
11/3/2020,35.54999924,136.2799988
11/4/2020,29.56999969,122.1200027
11/5/2020,27.57999992,117.6800003
11/6/2020,24.86000061,113.1299973
11/9/2020,25.75,116.7799988
11/10/2020,24.79999924,116.0500031
11/11/2020,23.45000076,118.3199997
11/12/2020,25.35000038,121.5699997
11/13/2020,23.10000038,114.3899994
11/16/2020,22.45000076,115
11/17/2020,22.70999908,116.25
11/18/2020,23.84000015,117.9000015
11/19/2020,23.11000061,114.1500015
11/20/2020,23.70000076,113.9899979
11/23/2020,22.65999985,109.8499985
11/24/2020,21.63999939,104.5599976
11/25/2020,21.25,103.4599991
11/27/2020,20.84000015,106.1200027
11/30/2020,20.56999969,106.1200027
12/1/2020,20.77000046,108.4300003
12/2/2020,21.17000008,107.5199966
12/3/2020,21.28000069,107.8899994
12/4/2020,20.79000092,103.7200012
12/7/2020,21.29999924,104.4199982
12/8/2020,20.68000031,102.8199997
12/9/2020,22.27000046,113.9300003
12/10/2020,22.52000046,114.6600037
12/11/2020,23.30999947,120.7699966
12/14/2020,24.71999931,127.6800003
12/15/2020,22.88999939,119.1100006
12/16/2020,22.5,111.8499985
12/17/2020,21.93000031,110.2099991
12/18/2020,21.56999969,110.3000031
12/21/2020,25.15999985,121.6100006
12/22/2020,24.22999954,120.5699997
12/23/2020,23.30999947,118.3099976
12/24/2020,21.53000069,115.2600021
12/28/2020,21.70000076,114.4000015
12/29/2020,23.07999992,116.2699966
12/30/2020,22.77000046,112.0400009
12/31/2020,22.75,111.8600006
1/4/2021,26.96999931,124.6500015
1/5/2021,25.34000015,120.0699997
1/6/2021,25.06999969,119.9000015
1/7/2021,22.37000084,109.3799973
1/8/2021,21.55999947,111
1/11/2021,24.07999992,118.8000031
1/12/2021,23.32999992,115.7900009
1/13/2021,22.20999908,117.7600021
1/14/2021,23.25,122.7799988
1/15/2021,24.34000015,124.25
1/19/2021,23.23999977,120.7099991
1/20/2021,21.57999992,114.1699982
1/21/2021,21.31999969,112.5899963
1/25/2021,23.19000053,116.6299973
1/26/2021,23.02000046,115.3099976
1/27/2021,37.20999908,157.6900024
1/28/2021,30.20999908,133.2200012
1/29/2021,33.09000015,137.3300018
2/1/2021,30.23999977,129.4400024
2/2/2021,25.55999947,119.0999985
2/3/2021,22.90999985,111.0299988
2/4/2021,21.77000046,108.4700012
2/5/2021,20.87000084,107.6399994
2/8/2021,21.23999977,106.6100006
2/9/2021,21.62999916,108.1399994
2/10/2021,21.98999977,114.9300003
2/11/2021,21.25,116.2200012
2/12/2021,19.96999931,118.5899963
2/16/2021,21.45999908,124.6600037
2/18/2021,22.48999977,121.0500031
2/19/2021,22.04999924,117.4499969
2/22/2021,23.45000076,117.0599976
2/23/2021,23.11000061,112.7799988
2/24/2021,21.34000015,109.5999985
2/25/2021,28.88999939,127.8300018
2/26/2021,27.95000076,124.9599991
3/1/2021,23.35000038,114.9400024
3/2/2021,24.10000038,114.9199982
3/3/2021,26.67000008,121.2300034
3/4/2021,28.56999969,124.6200027
3/5/2021,24.65999985,116.2099991
3/8/2021,25.46999931,114.6200027
3/9/2021,24.03000069,108.7099991
3/10/2021,22.55999947,114.6800003
3/11/2021,21.90999985,112.8700027
3/12/2021,20.69000053,111.7300034
3/15/2021,20.03000069,110.4899979
3/16/2021,19.79000092,113.7300034
3/17/2021,19.22999954,109.9000015
3/18/2021,21.57999992,117.8000031
3/19/2021,20.95000076,115.9499969
3/22/2021,18.87999916,108.6299973
3/23/2021,20.29999924,111.6900024
3/24/2021,21.20000076,110.6699982
3/25/2021,19.80999947,104.75
3/26/2021,18.86000061,103.2600021
3/29/2021,20.73999977,105.8399963
3/30/2021,19.61000061,101.9000015
3/31/2021,19.39999962,100.0400009
4/1/2021,17.32999992,98.97000122
4/5/2021,17.90999985,99.23999786
4/6/2021,18.12000084,99.05999756
4/7/2021,17.15999985,97.08999634
4/8/2021,16.95000076,100.7200012
4/9/2021,16.69000053,102.0599976
4/12/2021,16.90999985,102.0800018
4/13/2021,16.64999962,100.4400024
4/14/2021,16.98999977,107.4700012
4/15/2021,16.56999969,108.6600037
4/16/2021,16.25,107.8000031
4/19/2021,17.29000092,111.9000015
4/20/2021,18.68000031,116.3700027
4/21/2021,17.5,112.9000015
4/22/2021,18.70999908,116.0500031
4/23/2021,17.32999992,108.3600006
4/26/2021,17.63999939,104.0100021
4/27/2021,17.55999947,103.3899994
4/28/2021,17.28000069,104.7799988
4/29/2021,17.61000061,105.4599991
4/30/2021,18.61000061,109.2200012
5/3/2021,18.30999947,108.3199997
5/4/2021,19.47999954,111.2200012
5/6/2021,18.38999939,108.3899994
5/7/2021,16.69000053,107.0299988
5/10/2021,19.65999985,114.0999985
5/12/2021,27.59000015,146.2799988
5/13/2021,23.12999916,130.0099945
5/14/2021,18.80999947,117.5599976
5/17/2021,19.71999931,120.6999969
5/18/2021,21.34000015,123.9300003
5/19/2021,22.18000031,130.1699982
5/21/2021,20.14999962,124.2200012
5/24/2021,18.39999962,116.1200027
5/26/2021,17.36000061,106.2900009
5/27/2021,16.73999977,103.8799973
5/28/2021,16.76000023,105.4100037
6/1/2021,17.89999962,113.0400009
6/2/2021,17.47999954,112.5699997
6/3/2021,18.04000092,114.3099976
6/4/2021,16.42000008,108.1600037
6/7/2021,16.42000008,108.0299988
6/8/2021,17.06999969,109.6200027
6/9/2021,17.88999939,120.9700012
6/10/2021,16.10000038,116.7600021
6/11/2021,15.64999962,116.1200027
6/14/2021,16.38999939,119.8000031
6/15/2021,17.02000046,122.9000015
6/16/2021,18.14999962,121.5699997
6/17/2021,17.75,120.6299973
6/18/2021,20.70000076,128.8300018
6/21/2021,17.88999939,121.25
6/22/2021,16.65999985,114.0100021
6/23/2021,16.31999969,110.4800034
6/24/2021,15.97000027,107.8700027
6/25/2021,15.61999989,105.9100037
6/28/2021,15.76000023,106.3199997
6/29/2021,16.02000046,107.0100021
6/30/2021,15.82999992,106.7300034
7/1/2021,15.47999954,108.7200012
7/2/2021,15.06999969,106.1100006
7/6/2021,16.44000053,112.2399979
7/7/2021,16.20000076,112.6999969
7/8/2021,19,120.0299988
7/9/2021,16.18000031,112.6200027
7/12/2021,16.17000008,111.5899963
7/13/2021,17.12000084,116.4000015
7/14/2021,16.32999992,117.6600037
7/15/2021,17.01000023,121.0299988
7/16/2021,18.45000076,128.8899994
7/19/2021,22.5,139.5399933
7/20/2021,19.72999954,131.3000031
7/21/2021,17.90999985,122.5299988
7/22/2021,17.69000053,118.8199997
7/23/2021,17.20000076,114.9199982
7/26/2021,17.57999992,114.8600006
7/27/2021,19.36000061,121.1100006
7/28/2021,18.30999947,117.0800018
7/29/2021,17.70000076,114.0400009
7/30/2021,18.23999977,116.1800003
8/2/2021,19.45999908,122.8499985
8/3/2021,18.04000092,117.5500031
8/4/2021,17.96999931,116.2099991
8/5/2021,17.28000069,113.3499985
8/6/2021,16.14999962,112
8/9/2021,16.71999931,115.0899963
8/10/2021,16.79000092,114.1500015
8/11/2021,16.17000008,118.0599976
8/12/2021,15.59000015,117.7200012
8/13/2021,15.44999981,117.8099976
8/16/2021,16.12000084,117.6900024
8/17/2021,17.90999985,120.5299988
8/18/2021,21.56999969,128.4100037
8/19/2021,21.67000008,130.4100037
8/20/2021,18.55999947,120.5100021
8/23/2021,17.14999962,113.3300018
8/24/2021,17.21999931,111.0899963
8/25/2021,16.79000092,108.8399963
8/26/2021,18.84000015,116.5999985
8/27/2021,16.38999939,109.6200027
8/30/2021,16.19000053,107.9000015
8/31/2021,16.47999954,105.8099976
9/1/2021,16.11000061,105.1999969
9/2/2021,16.40999985,105.6999969
9/3/2021,16.40999985,105.4800034
9/7/2021,18.13999939,111.0100021
9/8/2021,17.95999908,115.0599976
9/9/2021,18.79999924,117.0299988
9/10/2021,20.95000076,124.9800034
9/13/2021,19.37000084,118.0100021
9/14/2021,19.45999908,120.3700027
9/15/2021,18.18000031,112.4800034
9/16/2021,18.69000053,112.1100006
9/17/2021,20.80999947,118.9000015
9/20/2021,25.70999908,138.9299927
9/21/2021,24.36000061,130.7599945
9/22/2021,20.87000084,117.6200027
9/23/2021,18.62999916,108.3099976
9/24/2021,17.75,103.0699997
9/27/2021,18.76000023,107.7300034
9/28/2021,23.25,121.0599976
9/29/2021,22.55999947,119.0400009
9/30/2021,23.13999939,118.0100021
10/1/2021,21.10000038,112.6100006
10/4/2021,22.95999908,117.1699982
10/5/2021,21.29999924,110.75
10/6/2021,21,110.9199982
10/7/2021,19.54000092,107.4300003
10/8/2021,18.77000046,107.2699966
10/11/2021,20,110.2900009
10/12/2021,19.85000038,109.1200027
10/13/2021,18.63999939,108.7200012
10/14/2021,16.86000061,107.9700012
10/15/2021,16.29999924,106.7600021
10/18/2021,16.30999947,104.3700027
10/19/2021,15.69999981,103.0599976
10/20/2021,15.48999977,101.8399963
10/21/2021,15.01000023,102.1399994
10/22/2021,15.43000031,106.0800018
10/25/2021,15.23999977,102.3600006
10/26/2021,15.97999954,103.25
10/27/2021,16.97999954,109.6100006
10/28/2021,16.53000069,106.2799988
10/29/2021,16.26000023,105.1699982
11/1/2021,16.40999985,106.6600037
11/2/2021,16.03000069,105.4400024
11/3/2021,15.10000038,102.25
11/4/2021,15.43999958,104.4599991
11/5/2021,16.47999954,110.2099991
11/8/2021,17.21999931,111.4899979
11/9/2021,17.78000069,110.5500031
11/10/2021,18.72999954,117.1900024
11/11/2021,17.65999985,114.6600037
11/12/2021,16.29000092,112.1100006
11/15/2021,16.48999977,110.6600037
11/16/2021,16.37000084,109.5800018
11/17/2021,17.11000061,111.5299988
11/18/2021,17.59000015,112.1500015
11/19/2021,17.90999985,113.7399979
11/22/2021,19.17000008,118.6200027
11/23/2021,19.37999916,115.0299988
11/24/2021,18.57999992,110.4800034
11/26/2021,28.62000084,149.7400055
11/29/2021,22.95999908,131.2400055
11/30/2021,27.19000053,142.5500031
12/1/2021,31.12000084,155.0200043
12/2/2021,27.95000076,147.3099976
12/3/2021,30.67000008,156.1000061
12/6/2021,27.18000031,138.8800049
12/7/2021,21.88999939,117.9199982
12/8/2021,19.89999962,114.2900009
12/9/2021,21.57999992,121.7900009
12/10/2021,18.69000053,113.8499985
12/13/2021,20.30999947,121.0699997
12/14/2021,21.88999939,126.5699997
12/15/2021,19.29000092,118.6100006
12/16/2021,20.56999969,128.9700012
12/17/2021,21.56999969,136.0599976
12/20/2021,22.87000084,138.6699982
12/21/2021,21.01000023,131.4100037
12/22/2021,18.62999916,122.6999969
12/23/2021,17.95999908,120.4599991
12/27/2021,17.68000031,115.9199982
12/28/2021,17.54000092,114.8300018
12/29/2021,16.95000076,109.5
12/30/2021,17.32999992,110.8399963
12/31/2021,17.21999931,109.6699982
1/3/2022,16.60000038,108.4499969
1/4/2022,16.90999985,109.3099976
1/5/2022,19.72999954,119.3099976
1/6/2022,19.61000061,117.8199997
1/7/2022,18.76000023,113.8600006
1/10/2022,19.39999962,113.0199966
1/11/2022,18.40999985,111.6100006
1/12/2022,17.62000084,113.9400024
1/13/2022,20.30999947,123.4400024
1/14/2022,19.19000053,117.5699997
1/18/2022,22.79000092,127.9499969
1/19/2022,23.85000038,129.8500061
1/20/2022,25.59000015,135.6000061
1/21/2022,28.85000038,149.5
1/24/2022,29.89999962,154.3800049
1/25/2022,31.15999985,150.8000031
1/26/2022,31.95999908,148.5500031
1/27/2022,30.48999977,141.1399994
1/28/2022,27.65999985,132.4400024
1/31/2022,24.82999992,125.0599976
2/1/2022,21.95999908,117.9899979
2/2/2022,22.09000015,119.6100006
2/3/2022,24.35000038,125.1100006
2/4/2022,23.21999931,124.8899994
2/7/2022,22.86000061,124.1299973
2/8/2022,21.44000053,118.8600006
2/9/2022,19.95999908,119.3199997
2/10/2022,23.90999985,129.1000061
2/11/2022,27.36000061,141.1699982
2/14/2022,28.32999992,140.5899963
2/15/2022,25.70000076,129.0500031
2/16/2022,24.29000092,122.5800018
2/17/2022,28.11000061,134.4900055
2/18/2022,27.75,133.6399994
2/22/2022,28.80999947,130.6900024
2/23/2022,31.02000046,131.2400055
2/24/2022,30.31999969,128.5
2/25/2022,27.59000015,117.7600021
2/28/2022,30.14999962,123.6399994
3/1/2022,33.31999969,132.8000031
3/2/2022,30.73999977,124.9199982
3/3/2022,30.47999954,122.3600006
3/4/2022,31.97999954,127.8499985
3/7/2022,36.45000076,133.6600037
3/8/2022,35.13000107,139.7100067
3/9/2022,32.45000076,130.8600006
3/10/2022,30.22999954,125.4700012
3/11/2022,30.75,125.5800018
3/14/2022,31.77000046,126.2600021
3/15/2022,29.82999992,122.1800003
3/16/2022,26.67000008,115.0999985
3/17/2022,25.67000008,109.25
3/18/2022,23.87000084,106.7399979
3/21/2022,23.53000069,108.9599991
3/22/2022,22.94000053,108.2200012
3/23/2022,23.56999969,108.7699966
3/24/2022,21.67000008,106.0500031
3/25/2022,20.80999947,109.2099991
3/28/2022,19.62999916,108.2900009
3/29/2022,18.89999962,104.3499985
3/30/2022,19.32999992,107.4100037
3/31/2022,20.55999947,111.4499969
4/1/2022,19.62999916,112.2200012
4/4/2022,18.56999969,107.1100006
4/5/2022,21.03000069,116.2699966
4/6/2022,22.10000038,114.8399963
4/7/2022,21.54999924,113.3300018
4/8/2022,21.15999985,112.1399994
4/11/2022,24.37000084,117.3499985
4/12/2022,24.26000023,117.2600021
4/13/2022,21.81999969,113.7600021
4/14/2022,22.70000076,114.75
4/18/2022,22.17000008,110.9000015
4/19/2022,21.37000084,106.0599976
4/20/2022,20.31999969,103.0299988
4/21/2022,22.68000031,110.9300003
4/22/2022,28.20999908,122.3700027
4/25/2022,27.02000046,116.9800034
4/26/2022,33.52000046,127.5
4/27/2022,31.60000038,123.7099991
4/28/2022,29.98999977,119.75
4/29/2022,33.40000153,121.9800034
5/2/2022,32.34000015,124.4800034
5/3/2022,29.25,117.5500031
5/4/2022,25.42000008,106.6200027
5/5/2022,31.20000076,119.1800003
5/6/2022,30.19000053,116.7799988
5/9/2022,34.75,125.9300003
5/10/2022,32.99000168,120.9800034
5/11/2022,32.56000137,125.8899994
5/12/2022,31.77000046,122.1100006
5/13/2022,28.87000084,113.8899994
5/16/2022,27.46999931,108.2600021
5/17/2022,26.10000038,101.1999969
5/18/2022,30.95999908,114.9599991
5/19/2022,29.35000038,104.8899994
5/20/2022,29.43000031,107.8000031
5/23/2022,28.47999954,102.6800003
5/24/2022,29.45000076,104.2900009
5/25/2022,28.37000084,98.79000092
5/26/2022,27.5,96.25
5/27/2022,25.71999931,93.66000366
5/31/2022,26.19000053,93.09999847
6/1/2022,25.69000053,91.38999939
6/2/2022,24.71999931,91.08000183
6/3/2022,24.79000092,90.5
6/6/2022,25.06999969,89.52999878
6/7/2022,24.02000046,87.81999969
6/8/2022,23.95999908,92.68000031
6/9/2022,26.09000015,98.81999969
6/10/2022,27.75,99.75
6/13/2022,34.02000046,113.7200012
6/14/2022,32.68999863,111.0100021
6/15/2022,29.62000084,105.3700027
6/16/2022,32.95000076,114.3600006
6/17/2022,31.12999916,110.0599976
6/21/2022,30.19000053,104.3700027
6/22/2022,28.95000076,99.66000366
6/23/2022,29.04999924,98.30999756
6/24/2022,27.22999954,91.33999634
6/27/2022,26.95000076,87.58000183
6/28/2022,28.36000061,90.62000275
6/29/2022,28.15999985,88.91999817
6/30/2022,28.70999908,89.38999939
7/1/2022,26.70000076,85.51000214
7/5/2022,27.54000092,87.30000305
7/6/2022,26.72999954,85.87999725
7/7/2022,26.07999992,85.87999725
7/8/2022,24.63999939,84.73999786
7/11/2022,26.17000008,88.05000305
7/12/2022,27.29000092,90.05999756
7/13/2022,26.81999969,90.48999786
7/14/2022,26.39999962,90.73000336
7/15/2022,24.22999954,89.37000275
7/18/2022,25.29999924,91.86000061
7/19/2022,24.5,88.61000061
7/20/2022,23.87999916,86.75
7/21/2022,23.11000061,85.04000092
7/22/2022,23.03000069,84.52999878
7/25/2022,23.36000061,83.81999969
7/26/2022,24.69000053,84.83000183
7/27/2022,23.23999977,81.76999664
7/28/2022,22.32999992,80.87999725
7/29/2022,21.32999992,80.29000092
8/1/2022,22.84000015,86.33999634
8/2/2022,23.93000031,88.47000122
8/3/2022,21.95000076,84.59999847
8/4/2022,21.44000053,83.69000244
8/5/2022,21.14999962,84.12999725
8/8/2022,21.29000092,86.94999695
8/9/2022,21.77000046,87.48999786
8/10/2022,19.73999977,90.04000092
8/11/2022,20.20000076,90.83999634
8/12/2022,19.53000069,91.01000214
8/15/2022,19.95000076,88.73000336
8/16/2022,19.69000053,88.05000305
8/17/2022,19.89999962,87.47000122
8/18/2022,19.55999947,86.45999908
8/19/2022,20.60000038,89.76999664
8/22/2022,23.79999924,94.75
8/23/2022,24.11000061,93.33999634
8/24/2022,22.81999969,86.44999695
8/25/2022,21.78000069,83.31999969
8/26/2022,25.55999947,91.66000366
8/29/2022,26.20999908,91.56999969
8/30/2022,26.20999908,91.11000061
8/31/2022,25.87000084,88.40000153
9/1/2022,25.55999947,87.73999786
9/2/2022,25.46999931,89.19000244
9/6/2022,26.90999985,94.08000183
9/7/2022,24.63999939,88.26000214
9/8/2022,23.61000061,85.56999969
9/9/2022,22.79000092,84.08999634
9/12/2022,23.87000084,84.52999878
9/13/2022,27.27000046,93.88999939
9/14/2022,26.15999985,93.58000183
9/15/2022,26.27000046,92.61000061
9/16/2022,26.29999924,92.41999817
9/19/2022,25.76000023,88.98999786
9/20/2022,27.15999985,91.12000275
9/21/2022,27.98999977,92.05000305
9/22/2022,27.35000038,89.18000031
9/23/2022,29.92000008,101.5500031
9/26/2022,32.25999832,109.0899963
9/27/2022,32.59999847,113.7600021
9/28/2022,30.18000031,105.8300018
9/29/2022,31.84000015,108.3099976
9/30/2022,31.62000084,106.1900024
10/3/2022,30.10000038,103.0299988
10/4/2022,29.06999969,96.83000183
10/5/2022,28.54999924,92.79000092
10/6/2022,30.52000046,97.73000336
10/7/2022,31.36000061,103.3700027
10/10/2022,32.45000076,107.1100006
10/11/2022,33.63000107,105.2600021
10/12/2022,33.56999969,109.1900024
10/13/2022,31.94000053,101.2600021
10/14/2022,32.02000046,101.9400024
10/17/2022,31.37000084,97.31999969
10/18/2022,30.5,92.30000305
10/19/2022,30.76000023,90.69000244
10/20/2022,29.97999954,88.34999847
10/21/2022,29.69000053,87.31999969
10/24/2022,29.85000038,86.05999756
10/25/2022,28.45999908,82.20999908
10/26/2022,27.28000069,80.41999817
10/27/2022,27.38999939,82.51000214
10/28/2022,25.75,78.12000275
10/31/2022,25.87999916,78.86000061
11/1/2022,25.80999947,80.23999786
11/2/2022,25.86000061,80.93000031
11/3/2022,25.29999924,79.16999817
11/4/2022,24.54999924,79.23999786
11/7/2022,24.35000038,79.94999695
11/8/2022,25.54000092,84.59999847
11/9/2022,26.09000015,90.11000061
11/10/2022,23.53000069,85.77999878
11/11/2022,22.52000046,85.88999939
11/14/2022,23.72999954,84.56999969
11/15/2022,24.54000092,88.30999756
11/16/2022,24.11000061,81.37999725
11/17/2022,23.93000031,81.16000366
11/18/2022,23.12000084,77.68000031
11/21/2022,22.36000061,77.11000061
11/22/2022,21.29000092,77.80999756
11/23/2022,20.35000038,81.72000122
11/25/2022,20.5,82.5
11/28/2022,22.20999908,87.33000183
11/29/2022,21.88999939,85.43000031
11/30/2022,20.57999992,81.79000092
12/1/2022,19.84000015,82.19000244
12/2/2022,19.05999947,81.56999969
12/5/2022,20.75,84.70999908
12/6/2022,22.17000008,86.58999634
12/7/2022,22.68000031,87.18000031
12/8/2022,22.29000092,84.90000153
12/9/2022,22.82999992,87.26000214
12/12/2022,25,91.73000336
12/13/2022,22.54999924,88.73999786
12/14/2022,21.13999939,88.34999847
12/15/2022,22.82999992,92.26000214
12/16/2022,22.62000084,89.15000153
12/19/2022,22.42000008,87.54000092
12/20/2022,21.47999954,83
12/21/2022,20.06999969,77.63999939
12/22/2022,21.96999931,81.94000244
12/23/2022,20.87000084,78.83999634
12/27/2022,21.64999962,78.65000153
12/28/2022,22.13999939,79.90000153
12/29/2022,21.44000053,77.27999878
12/30/2022,21.67000008,77.05000305
1/3/2023,22.89999962,80.33999634
1/4/2023,22.01000023,76.65000153
1/5/2023,22.45999908,75.95999908
1/6/2023,21.12999916,73.87999725
1/9/2023,21.96999931,77.26999664
1/10/2023,20.57999992,76.01999664
1/11/2023,21.09000015,78.94000244
1/12/2023,18.82999992,78.79000092
1/13/2023,18.35000038,80.88999939
1/17/2023,19.36000061,83.44000244
1/18/2023,20.34000015,85.33000183
1/19/2023,20.52000046,85.13999939
1/20/2023,19.85000038,81.02999878
1/23/2023,19.80999947,78.33999634
1/24/2023,19.20000076,79.37000275
1/25/2023,19.07999992,80.73999786
1/26/2023,18.72999954,81.59999847
1/27/2023,18.51000023,83.30999756
1/30/2023,19.94000053,86.12999725
1/31/2023,19.39999962,83.90000153
2/1/2023,17.87000084,81.19999695
2/2/2023,18.72999954,84.97000122
2/3/2023,18.32999992,83.48999786
2/6/2023,19.43000031,85.09999847
2/7/2023,18.65999985,84.54000092
2/8/2023,19.62999916,94.83000183
2/9/2023,20.70999908,97.95999908
2/10/2023,20.53000069,95.62999725
2/13/2023,20.34000015,93.94999695
2/14/2023,18.90999985,89.19999695
2/15/2023,18.22999954,84.80999756
2/16/2023,20.17000008,88.25
2/17/2023,20.02000046,87.97000122
2/21/2023,22.87000084,95.98999786
2/22/2023,22.29000092,91.23999786
2/23/2023,21.13999939,85.16000366
2/24/2023,21.67000008,85.26000214
2/27/2023,20.95000076,83.20999908
2/28/2023,20.70000076,80.76000214
3/1/2023,20.57999992,80.55000305
3/2/2023,19.59000015,77.33999634
3/3/2023,18.48999977,75.93000031
3/6/2023,18.61000061,76.41000366
3/7/2023,19.59000015,78.54000092
3/8/2023,19.11000061,74.66999817
3/9/2023,22.61000061,92.04000092
3/10/2023,24.79999924,108.6200027
3/13/2023,26.52000046,114.5400009
3/14/2023,23.72999954,104.9000015
3/15/2023,26.13999939,122.75
3/16/2023,22.98999977,110.7699966
3/17/2023,25.51000023,124.75
3/20/2023,24.14999962,110.1600037
3/21/2023,21.37999916,101.1900024
3/22/2023,22.26000023,102.6399994
3/23/2023,22.61000061,102.9199982
3/24/2023,21.73999977,99.72000122
3/27/2023,20.60000038,95.06999969
3/28/2023,19.96999931,91.41000366
3/29/2023,19.12000084,87.77999878
3/30/2023,19.02000046,85.33999634
3/31/2023,18.70000076,87.52999878
4/3/2023,18.54999924,84.06999969
4/4/2023,19,84.72000122
4/5/2023,19.07999992,85.91999817
4/6/2023,18.39999962,84.63999939
4/10/2023,18.96999931,85.94000244
4/11/2023,19.10000038,85.91999817
4/12/2023,19.09000015,87.05999756
4/13/2023,17.79999924,84.73000336
4/14/2023,17.06999969,84.01000214
4/17/2023,16.95000076,83.15000153
4/18/2023,16.82999992,88.01000214
4/19/2023,16.45999908,95.04000092
4/20/2023,17.17000008,98.45999908
4/21/2023,16.77000046,96.94000244
4/24/2023,16.88999939,93.95999908
4/25/2023,18.76000023,94.34999847
4/26/2023,18.84000015,90.65000153
4/27/2023,17.03000069,85.79000092
4/28/2023,15.77999973,86.90000153
5/1/2023,16.07999992,88.20999908
5/2/2023,17.78000069,91.45999908
5/3/2023,18.34000015,91.54000092
5/4/2023,20.09000015,98.73999786
5/5/2023,17.19000053,91.80000305
5/8/2023,16.97999954,91.98000336
5/9/2023,17.70999908,92.44999695
5/10/2023,16.94000053,97.52999878
5/11/2023,16.93000031,97.31999969
5/12/2023,17.03000069,100.5400009
5/15/2023,17.12000084,94.65000153
5/16/2023,17.98999977,97.62999725
5/17/2023,16.87000084,92.76000214
5/18/2023,16.04999924,89.05999756
5/19/2023,16.80999947,94.76999664
5/22/2023,17.20999908,97.63999939
5/23/2023,18.53000069,101.9100037
5/24/2023,20.03000069,106.5199966
5/25/2023,19.13999939,103.8799973
5/26/2023,17.95000076,97.56999969
5/30/2023,17.45999908,91.91000366
5/31/2023,17.94000053,91.38999939
6/1/2023,15.64999962,85.06999969
6/2/2023,14.60000038,86.16000366
6/5/2023,14.72999954,85.76999664
6/6/2023,13.96000004,85.73999786
6/7/2023,13.93999958,84
6/8/2023,13.64999962,87.62999725
6/9/2023,13.82999992,89.69999695
6/12/2023,15.01000023,92.83000183
6/13/2023,14.60999966,92.09999847
6/14/2023,13.88000011,91.91000366
6/15/2023,14.5,93.94999695
6/16/2023,13.53999996,90.69000244
6/20/2023,13.88000011,96.26000214
6/21/2023,13.19999981,92.73000336
6/22/2023,12.90999985,90.63999939
6/23/2023,13.43999958,92.33999634
6/26/2023,14.25,95.41999817
6/27/2023,13.73999977,91.33000183
6/28/2023,13.43000031,85.79000092
6/29/2023,13.53999996,85.26000214
6/30/2023,13.59000015,83.11000061
7/3/2023,13.56999969,84.16999817
7/5/2023,14.18000031,87.76000214
7/6/2023,15.43999958,95.30000305
7/7/2023,14.82999992,94.48999786
7/10/2023,15.06999969,95.33000183
7/11/2023,14.84000015,95.20999908
7/12/2023,13.53999996,95.84999847
7/13/2023,13.60999966,96.43000031
7/14/2023,13.34000015,94.88999939
7/17/2023,13.47999954,95.98000336
7/18/2023,13.30000019,92.98999786
7/19/2023,13.76000023,93.56999969
7/20/2023,13.98999977,94.05999756
7/21/2023,13.60000038,93.36000061
7/24/2023,13.90999985,91.73999786
7/25/2023,13.85999966,90
7/26/2023,13.18999958,85.37999725
7/27/2023,14.40999985,94.05000305
7/28/2023,13.32999992,87.37999725
7/31/2023,13.63000011,86.68000031
8/1/2023,13.93000031,87.48999786
8/2/2023,16.09000015,96.19999695
8/3/2023,15.92000008,94.04000092
8/4/2023,17.10000038,99.62999725
8/7/2023,15.77000046,92.98999786
8/8/2023,15.98999977,94.91000366
8/9/2023,15.96000004,97.43000031
8/10/2023,15.85000038,99.77999878
8/11/2023,14.84000015,96.68000031
8/14/2023,14.81999969,95.33000183
8/15/2023,16.45999908,103.2799988
8/16/2023,16.78000069,104.5400009
8/17/2023,17.88999939,106.7399979
8/18/2023,17.29999924,97.27999878
8/21/2023,17.12999916,95.23999786
8/22/2023,16.96999931,92.62000275
8/23/2023,15.97999954,88.98999786
8/24/2023,17.20000076,92.16999817
8/25/2023,15.68000031,84.31999969
8/28/2023,15.07999992,82.23000336
8/29/2023,14.44999981,79.05000305
8/30/2023,13.88000011,78.62999725
8/31/2023,13.56999969,80.80000305
9/1/2023,13.09000015,82.65000153
9/5/2023,14.01000023,86.43000031
9/6/2023,14.44999981,87.84999847
9/7/2023,14.39999962,87.65000153
9/8/2023,13.84000015,85.26999664
9/11/2023,13.80000019,85.19000244
9/12/2023,14.22999954,85.62999725
9/13/2023,13.47999954,84.97000122
9/14/2023,12.81999969,82.48000336
9/15/2023,13.78999996,84.83999634
9/18/2023,14,84.76999664
9/19/2023,14.10999966,83.54000092
9/20/2023,15.14000034,88.05000305
9/21/2023,17.54000092,94.44000244
9/22/2023,17.20000076,90.54000092
9/25/2023,16.89999962,91.73999786
9/26/2023,18.94000053,103.0400009
9/27/2023,18.21999931,97.08999634
9/28/2023,17.34000015,93.72000122
9/29/2023,17.52000046,94.09999847
10/2/2023,17.61000061,95.38999939
10/3/2023,19.78000069,104.3899994
10/4/2023,18.57999992,95.58000183
10/5/2023,18.48999977,95.58999634
10/6/2023,17.45000076,91.16000366
10/9/2023,17.70000076,92.02999878
10/10/2023,17.03000069,90.09999847
10/11/2023,16.09000015,90.56999969
10/12/2023,16.69000053,91.87000275
10/13/2023,19.31999969,108.0999985
10/16/2023,17.20999908,95.69000244
10/17/2023,17.87999916,95.80000305
10/18/2023,19.21999931,105.8899994
10/19/2023,21.39999962,116.4700012
10/20/2023,21.70999908,115.4300003
10/23/2023,20.37000084,109
10/24/2023,18.96999931,98.54000092
10/25/2023,20.19000053,102.9199982
10/26/2023,20.68000031,101.9700012
10/27/2023,21.27000046,102.0400009
10/30/2023,19.75,95.23000336
10/31/2023,18.13999939,87.94000244
11/1/2023,16.87000084,85.08000183
11/2/2023,15.65999985,83.23999786
11/3/2023,14.90999985,82.83000183
11/6/2023,14.89000034,84.33000183
11/7/2023,14.81000042,83.43000031
11/8/2023,14.44999981,85.04000092
11/9/2023,15.28999996,88.73999786
11/10/2023,14.17000008,85.66000366
11/13/2023,14.76000023,85.51000214
11/14/2023,14.15999985,83.76999664
11/15/2023,14.18000031,84.91000366
11/16/2023,14.31999969,83.23000336
11/17/2023,13.80000019,81.83000183
11/20/2023,13.40999985,81.80999756
11/21/2023,13.35000038,81.76999664
11/22/2023,12.85000038,83.37999725
11/24/2023,12.46000004,83
11/27/2023,12.68999958,85.15000153
11/28/2023,12.68999958,85.13999939
11/29/2023,12.97999954,87.79000092
11/30/2023,12.92000008,86.70999908
12/1/2023,12.63000011,85.90000153
12/4/2023,13.07999992,87.76000214
12/5/2023,12.85000038,85.76000214
12/6/2023,12.97000027,86.84999847
12/7/2023,13.06000042,86
12/8/2023,12.35000038,81.11000061
12/11/2023,12.63000011,82.34999847
12/12/2023,12.06999969,83.54000092
12/13/2023,12.18999958,80.83000183
12/14/2023,12.47999954,80.83000183
12/15/2023,12.27999973,88.04000092
12/18/2023,12.56000042,88.66999817
12/19/2023,12.52999973,88.76999664
12/20/2023,13.67000008,92.18000031
12/21/2023,13.64999962,89.84999847
12/22/2023,13.02999973,88.62000275
12/26/2023,12.98999977,88.87000275
12/27/2023,12.43000031,86.22000122
12/28/2023,12.47000027,86.69000244
12/29/2023,12.44999981,86.95999908
1/2/2024,13.19999981,88.08999634
1/3/2024,14.03999996,89.65000153
1/4/2024,14.13000011,87.58999634
1/5/2024,13.35000038,82.87000275
1/8/2024,13.07999992,81.26000214
1/9/2024,12.76000023,78.58999634
1/10/2024,12.68999958,77.08999634
1/11/2024,12.43999958,75.54000092
1/12/2024,12.69999981,86.06999969
1/16/2024,13.84000015,89.58999634
1/17/2024,14.78999996,91.36000061
1/18/2024,14.13000011,86.33999634
1/19/2024,13.30000019,81.94999695
1/22/2024,13.18999958,79.16999817
1/23/2024,12.55000019,76.66999817
1/24/2024,13.14000034,80.94000244
1/25/2024,13.44999981,81.38999939
1/26/2024,13.26000023,82.19999695
1/29/2024,13.60000038,83.40000153
1/30/2024,13.31000042,82.23999786
1/31/2024,14.35000038,87.55999756
2/1/2024,13.88000011,84.83000183
2/2/2024,13.85000038,83.30999756
2/5/2024,13.67000008,79.58000183
2/6/2024,13.06000042,76.97000122
2/7/2024,12.82999992,80.54000092
2/8/2024,12.78999996,83.06999969
2/9/2024,12.93000031,81.94000244
2/12/2024,13.93000031,84.62999725
2/13/2024,15.85000038,93.19000244
2/14/2024,14.38000011,83.16999817
2/15/2024,14.01000023,82.40000153
2/16/2024,14.23999977,82.62999725
2/20/2024,15.42000008,86.09999847
2/21/2024,15.34000015,84.66000366
2/22/2024,14.53999996,80.87999725
2/23/2024,13.75,78.86000061
2/26/2024,13.73999977,80.5
2/27/2024,13.43000031,78.54000092
2/28/2024,13.84000015,80.36000061
2/29/2024,13.39999962,77.44999695
3/1/2024,13.10999966,77.68000031
3/4/2024,13.48999977,79.41000366
3/5/2024,14.46000004,83.91000366
3/6/2024,14.5,83.11000061
3/7/2024,14.43999958,82.12999725
3/8/2024,14.73999977,86.55999756
3/11/2024,15.22000027,88.97000122
3/12/2024,13.84000015,83.76000214
3/13/2024,13.75,86.26999664
3/14/2024,14.39999962,88.75
3/15/2024,14.40999985,92.16999817
3/18/2024,14.32999992,86.77999878
3/19/2024,13.81999969,83.90000153
3/20/2024,13.03999996,78.87000275
3/21/2024,12.92000008,77.30000305
3/22/2024,13.06000042,76.48999786
3/25/2024,13.18999958,76.59999847
3/26/2024,13.23999977,76.76999664
3/27/2024,12.77999973,76
3/28/2024,13.01000023,76.56999969
4/1/2024,13.64999962,78.44999695
4/2/2024,14.60999966,82.76000214
4/3/2024,14.32999992,81.08000183
4/4/2024,16.35000038,90.04000092
4/5/2024,16.03000069,90.58000183
4/8/2024,15.18999958,86.26000214
4/9/2024,14.97999954,84.44999695
4/10/2024,15.80000019,91.76000214
4/11/2024,14.90999985,89.40000153
4/12/2024,17.30999947,102.7200012
4/15/2024,19.22999954,109.6399994
4/16/2024,18.39999962,99.25
4/17/2024,18.20999908,98.76000214
4/18/2024,18,95.98999786
4/19/2024,18.70999908,99.08999634
4/22/2024,16.94000053,89.54000092
4/23/2024,15.68999958,82.36000061
4/24/2024,15.97000027,83.61000061
4/25/2024,15.36999989,82.54000092
4/26/2024,15.02999973,79.55999756
4/29/2024,14.67000008,78.22000122
4/30/2024,15.64999962,81.81999969
5/1/2024,15.39000034,81.93000031
5/2/2024,14.68000031,78.58999634
5/3/2024,13.48999977,74.56999969
5/6/2024,13.48999977,73.45999908
5/7/2024,13.22999954,74.54000092
5/8/2024,13,74.5
5/9/2024,12.68999958,73.76999664
5/10/2024,12.55000019,73.26000214
5/13/2024,13.60000038,77.55000305
5/14/2024,13.42000008,77.65000153
5/15/2024,12.44999981,76.30999756
5/16/2024,12.42000008,77.73999786
5/17/2024,11.98999977,78.43000031
5/20/2024,12.14999962,79.44999695
5/21/2024,11.85999966,77.62000275
5/22/2024,12.28999996,79.95999908
5/23/2024,12.77000046,84.62000275
5/24/2024,11.93000031,79.08999634
5/28/2024,12.92000008,81.63999939
5/29/2024,14.27999973,83.79000092
5/30/2024,14.47000027,83.44000244
5/31/2024,12.92000008,78.26999664
6/3/2024,13.10999966,78.79000092
6/4/2024,13.15999985,77.65000153
6/5/2024,12.63000011,75.23999786
6/6/2024,12.57999992,77.91000366
6/7/2024,12.22000027,76.65000153
6/10/2024,12.73999977,78.97000122
6/11/2024,12.85000038,79.94999695
6/12/2024,12.03999996,77.59999847
6/13/2024,11.93999958,78.19999695
6/14/2024,12.65999985,83.72000122
6/17/2024,12.75,83.33999634
6/18/2024,12.30000019,80.62999725
6/20/2024,13.27999973,85.72000122
6/21/2024,13.19999981,83.30999756
6/24/2024,13.32999992,84.80000305
6/25/2024,12.84000015,82.87000275
6/26/2024,12.55000019,81.44999695
6/27/2024,12.23999977,79.5
6/28/2024,12.43999958,79.48000336
7/1/2024,12.22000027,76.05000305
7/2/2024,12.02999973,77.05999756
7/3/2024,12.09000015,78.06999969
7/5/2024,12.47999954,78.80000305
7/8/2024,12.36999989,78.58999634
7/9/2024,12.51000023,78.58000183
7/10/2024,12.85000038,83.41000366
7/11/2024,12.92000008,84.47000122
7/12/2024,12.46000004,81.61000061
7/15/2024,13.11999989,83.86000061
7/16/2024,13.18999958,82.40000153
7/17/2024,14.47999954,88.27999878
7/18/2024,15.93000031,94.70999908
7/19/2024,16.52000046,97.93000031
7/22/2024,14.90999985,93.66000366
7/23/2024,14.72000027,88.51000214
7/24/2024,18.04000092,106.1200027
7/25/2024,18.45999908,104.3799973
7/26/2024,16.38999939,94.61000061
7/29/2024,16.60000038,93.51000214
7/30/2024,17.69000053,99.97000122
7/31/2024,16.36000061,94.25
8/1/2024,18.59000015,111.1800003
8/2/2024,23.38999939,136.8099976
8/5/2024,38.56999969,173.3200073
8/6/2024,27.70999908,150.0899963
8/7/2024,27.85000038,151.2400055
8/8/2024,23.79000092,134.3399963
8/9/2024,20.37000084,114.6299973
8/12/2024,20.70999908,121.9400024
8/13/2024,18.12000084,113.8899994
8/14/2024,16.19000053,107.8099976
8/15/2024,15.22999954,105.4199982
8/16/2024,14.80000019,103.4199982
8/19/2024,14.64999962,98.81999969
8/20/2024,15.88000011,101.7399979
8/21/2024,16.27000046,106.7200012
8/22/2024,17.54999924,112.5299988
8/23/2024,15.85999966,99.22000122
8/26/2024,16.14999962,100.6800003
8/27/2024,15.43000031,93.44999695
8/28/2024,17.11000061,106.3199997
8/29/2024,15.64999962,97.08000183
8/30/2024,15,93.73000336
9/3/2024,20.71999931,129.7899933
9/4/2024,21.31999969,123.4700012
9/5/2024,19.89999962,115.0100021
9/6/2024,22.37999916,119.3300018
9/9/2024,19.45000076,110.8499985
9/10/2024,19.07999992,107.1999969
9/11/2024,17.69000053,102.9000015
9/12/2024,17.06999969,103.9400024
9/13/2024,16.55999947,101.8799973
9/16/2024,17.13999939,106.6699982
9/17/2024,17.61000061,107.1900024
9/18/2024,18.22999954,105.4300003
9/19/2024,16.32999992,97.45999908
9/20/2024,16.14999962,94.26999664
9/23/2024,15.89000034,94.41000366
9/24/2024,15.39000034,90.93000031
9/25/2024,15.40999985,90.48000336
9/26/2024,15.36999989,89.86000061
9/27/2024,16.95999908,101.3399963
9/30/2024,16.72999954,99.33999634
10/1/2024,19.26000023,110.1399994
10/2/2024,18.89999962,107.9700012
10/3/2024,20.48999977,115.6399994
10/4/2024,19.20999908,110.6299973
10/7/2024,22.63999939,122.5800018
10/8/2024,21.42000008,114.8199997
10/9/2024,20.86000061,119.3600006
10/10/2024,20.93000031,117.4300003
10/11/2024,20.45999908,113.9899979
10/14/2024,19.70000076,107.2200012
10/15/2024,20.63999939,112.9000015
10/16/2024,19.57999992,111.6200027
10/17/2024,19.11000061,105.8899994
10/18/2024,18.03000069,100.9499969
10/21/2024,18.37000084,102.9599991
10/22/2024,18.20000076,100.5
10/23/2024,19.23999977,108.1100006
10/24/2024,19.07999992,109.8399963
10/25/2024,20.32999992,117.5
10/28/2024,19.79999924,112.2300034
10/29/2024,19.34000015,108.6999969
10/30/2024,20.35000038,112.7699966
10/31/2024,23.15999985,121.8899994
11/1/2024,21.87999916,119.1200027
11/4/2024,21.97999954,121.8000031
11/5/2024,20.48999977,114.3199997
11/6/2024,16.27000046,97.23999786
11/7/2024,15.19999981,88.59999847
11/8/2024,14.93999958,87.76000214
11/11/2024,14.97000027,90.73000336
11/12/2024,14.71000004,89.44999695
11/13/2024,14.02000046,91.76000214
11/14/2024,14.31000042,90.43000031
11/15/2024,16.13999939,98.93000031
11/18/2024,15.57999992,93.80999756
11/19/2024,16.35000038,97.37000275
11/20/2024,17.15999985,102.1999969
11/21/2024,16.87000084,101.3000031
11/22/2024,15.23999977,95.12999725
11/25/2024,14.60000038,88.79000092
11/26/2024,14.10000038,87.70999908
11/27/2024,14.10000038,88.36000061
11/29/2024,13.51000023,86.31999969
12/2/2024,13.34000015,87.11000061
12/3/2024,13.30000019,86.43000031
12/4/2024,13.44999981,86.48000336
12/5/2024,13.53999996,86.94999695
12/6/2024,12.77000046,87.37999725
12/9/2024,14.18999958,93.83999634
12/10/2024,14.18000031,94.34999847
12/11/2024,13.57999992,98.12000275
12/12/2024,13.92000008,99.43000031
12/13/2024,13.81000042,96.5
12/16/2024,14.68999958,98.34999847
12/17/2024,15.86999989,100.7300034
12/18/2024,27.62000084,129.7899933
12/19/2024,24.09000015,136.2899933
12/20/2024,18.36000061,114.0100021
12/23/2024,16.78000069,102.3399963
12/24/2024,14.27000046,91.05000305
12/26/2024,14.72999954,92.76999664
12/27/2024,15.94999981,98.80999756
12/30/2024,17.39999962,103.0500031
12/31/2024,17.35000038,104.3300018
1/2/2025,17.93000031,106.5899963
1/3/2025,16.12999916,94.36000061
1/6/2025,16.04000092,95.88999939
1/7/2025,17.81999969,106.3700027
1/8/2025,17.70000076,103.9300003
1/10/2025,19.54000092,115.4899979
1/13/2025,19.19000053,110.9400024
1/14/2025,18.70999908,107.9300003
1/15/2025,16.12000084,97.79000092
1/16/2025,16.60000038,99.83999634
1/17/2025,15.97000027,101.6100006
1/21/2025,15.06000042,98.26000214
1/22/2025,15.10000038,100.5599976
1/23/2025,15.02000046,99.51999664
1/24/2025,14.85000038,100.4100037
1/27/2025,17.89999962,110.3099976
1/28/2025,16.40999985,103.7399979
1/29/2025,16.55999947,101.6800003
1/30/2025,15.84000015,98.31999969
1/31/2025,16.43000031,101.5
2/3/2025,18.62000084,109.0100021
2/4/2025,17.20999908,100.8799973
2/5/2025,15.77000046,97.29000092
2/6/2025,15.5,96.76999664
2/7/2025,16.54000092,101.4899979
2/10/2025,15.81000042,99.15000153
2/11/2025,16.02000046,99.81999969
2/12/2025,15.89000034,98.73999786
2/13/2025,15.10000038,95.48000336
2/14/2025,14.77000046,96.90000153
2/18/2025,15.35000038,98.5
2/19/2025,15.27000046,95.55000305
2/20/2025,15.65999985,94.98999786
2/21/2025,18.20999908,105.7099991
2/24/2025,18.97999954,106.8000031
2/25/2025,19.43000031,108.4700012
2/26/2025,19.10000038,106.0500031
2/27/2025,21.12999916,114.7900009
2/28/2025,19.62999916,108.9899979
3/3/2025,22.78000069,118.7399979
3/4/2025,23.51000023,118.5599976
3/5/2025,21.93000031,109.6299973
3/6/2025,24.87000084,120.8199997
3/7/2025,23.37000084,115.7300034
3/10/2025,27.86000061,128.4600067
3/11/2025,26.92000008,129.5099945
3/12/2025,24.22999954,115.8899994
3/13/2025,24.65999985,112.8899994
3/14/2025,21.77000046,98.23000336
3/17/2025,20.51000023,95.93000031
3/18/2025,21.70000076,99.68000031
3/19/2025,19.89999962,93.23000336
3/20/2025,19.79999924,89.94999695
3/21/2025,19.28000069,87.98999786
3/24/2025,17.47999954,81.88999939
3/25/2025,17.14999962,87.45999908
3/26/2025,18.32999992,90.23999786
3/27/2025,18.69000053,89.51000214
3/28/2025,21.64999962,102.4400024
3/31/2025,22.28000069,99.12000275
4/1/2025,21.77000046,97.55000305
4/2/2025,21.51000023,118.3700027
4/3/2025,30.02000046,119.4800034
4/4/2025,45.31000137,147.1600037
4/7/2025,46.97999954,152.6300049
4/8/2025,52.33000183,170.9199982
4/9/2025,33.61999893,142.5
4/10/2025,40.72000122,157.2400055
4/11/2025,37.56000137,147.3500061
4/14/2025,30.88999939,122.3199997
4/15/2025,30.12000084,115.8899994
4/16/2025,32.63999939,122.9100037
4/17/2025,29.64999962,116.2600021
4/21/2025,33.81999969,124.1100006
4/22/2025,30.56999969,112.9599991
4/23/2025,28.45000076,109.0199966
4/24/2025,26.46999931,102.9800034
4/25/2025,24.84000015,98.94999695
4/28/2025,25.14999962,103.3899994
4/29/2025,24.17000008,101.3099976
4/30/2025,24.70000076,102.2900009
5/1/2025,24.60000038,102.3099976
5/2/2025,22.68000031,97.26000214
5/5/2025,23.63999939,101.1699982
5/6/2025,24.76000023,104.3199997
5/7/2025,23.54999924,99.81999969
5/8/2025,22.47999954,96.29000092
5/9/2025,21.89999962,96.34999847
5/12/2025,18.38999939,87.93000031
5/13/2025,18.21999931,91.58999634
5/14/2025,18.62000084,97.16000366
5/15/2025,17.82999992,94.11000061
5/16/2025,17.23999977,94.94000244
5/19/2025,18.13999939,96.88999939
5/20/2025,18.09000015,96.62000275
5/21/2025,20.87000084,106.3000031
5/22/2025,20.28000069,104.0999985
5/23/2025,22.29000092,109.7600021
5/27/2025,18.95999908,96.48999786
5/28/2025,19.30999947,97.15000153
5/29/2025,19.18000031,95.31999969
5/30/2025,18.56999969,95.15000153
6/2/2025,18.36000061,91.83999634
6/3/2025,17.69000053,90.88999939
6/4/2025,17.61000061,90.79000092
6/5/2025,18.47999954,93.19999695
